bank,fiscal_year,fiscal_quarter,cet1_capital,rwa,cet1_ratio,ppt_earnings,pcl_total_bank,common_dividends,source,notes
RY,2018,1,51145.0,466800.0,0.11,4381.0,334.0,1319.0,RY_FY2019Q4_SFI.xlsx,"RWA = total capital RWA ($bn, 1 decimal); cet1_ratio as reported (rounded to 0.1%)"
RY,2018,2,53277.0,489200.0,0.109,4151.0,274.0,1356.0,RY_FY2019Q4_SFI.xlsx,"RWA = total capital RWA ($bn, 1 decimal); cet1_ratio as reported (rounded to 0.1%)"
RY,2018,3,55054.0,498900.0,0.111,4242.0,346.0,1355.0,RY_FY2019Q4_SFI.xlsx,"RWA = total capital RWA ($bn, 1 decimal); cet1_ratio as reported (rounded to 0.1%)"
RY,2018,4,57001.0,496500.0,0.115,4293.0,353.0,1412.0,RY_FY2020Q4_SFI.xlsx,"RWA = total capital RWA ($bn, 1 decimal); cet1_ratio as reported (rounded to 0.1%)"
RY,2019,1,57963.0,508500.0,0.114,4452.0,514.0,1407.0,RY_FY2020Q4_SFI.xlsx,"RWA = total capital RWA ($bn, 1 decimal); cet1_ratio as reported (rounded to 0.1%)"
RY,2019,2,60314.0,510500.0,0.118,4423.0,426.0,1466.0,RY_FY2020Q4_SFI.xlsx,"RWA = total capital RWA ($bn, 1 decimal); cet1_ratio as reported (rounded to 0.1%)"
RY,2019,3,60938.0,510700.0,0.119,4506.0,425.0,1464.0,RY_FY2020Q4_SFI.xlsx,"RWA = total capital RWA ($bn, 1 decimal); cet1_ratio as reported (rounded to 0.1%)"
RY,2019,4,62184.0,512900.0,0.121,4397.0,499.0,1503.0,RY_FY2021Q4_SFI.xlsx,"RWA = total capital RWA ($bn, 1 decimal); cet1_ratio as reported (rounded to 0.1%)"
RY,2020,1,63054.0,523700.00000000006,0.12,4844.0,419.0,1496.0,RY_FY2021Q4_SFI.xlsx,"RWA = total capital RWA ($bn, 1 decimal); cet1_ratio as reported (rounded to 0.1%)"
RY,2020,2,65198.0,558400.0,0.117,4568.0,2830.0,1538.0,RY_FY2021Q4_SFI.xlsx,"RWA = total capital RWA ($bn, 1 decimal); cet1_ratio as reported (rounded to 0.1%)"
RY,2020,3,66132.0,551400.0,0.12,4755.0,675.0,1538.0,RY_FY2021Q4_SFI.xlsx,"RWA = total capital RWA ($bn, 1 decimal); cet1_ratio as reported (rounded to 0.1%)"
RY,2020,4,68082.0,546200.0,0.125,4573.0,427.0,1539.0,RY_FY2022Q4_SFI.xlsx,"RWA = total capital RWA ($bn, 1 decimal); cet1_ratio as reported (rounded to 0.1%)"
RY,2021,1,69555.0,557500.0,0.125,4995.0,110.0,1539.0,RY_FY2022Q4_SFI.xlsx,"RWA = total capital RWA ($bn, 1 decimal); cet1_ratio as reported (rounded to 0.1%)"
RY,2021,2,70970.0,555600.0,0.128,5090.0,-96.0,1540.0,RY_FY2022Q4_SFI.xlsx,"RWA = total capital RWA ($bn, 1 decimal); cet1_ratio as reported (rounded to 0.1%)"
RY,2021,3,73822.0,543000.0,0.136,5032.0,-540.0,1539.0,RY_FY2022Q4_SFI.xlsx,"RWA = total capital RWA ($bn, 1 decimal); cet1_ratio as reported (rounded to 0.1%)"
RY,2021,4,75583.0,552500.0,0.137,4761.0,-227.0,1540.0,RY_FY2023Q4_SFI.xlsx,"RWA = total capital RWA ($bn, 1 decimal); cet1_ratio as reported (rounded to 0.1%)"
RY,2022,1,77080.0,569300.0,0.135,5489.0,105.0,1702.0,RY_FY2023Q4_SFI.xlsx,"RWA = total capital RWA ($bn, 1 decimal); cet1_ratio as reported (rounded to 0.1%)"
RY,2022,2,77069.0,585800.0,0.132,4966.0,-342.0,1686.0,RY_FY2023Q4_SFI.xlsx,"RWA = total capital RWA ($bn, 1 decimal); cet1_ratio as reported (rounded to 0.1%)"
RY,2022,3,76907.0,589000.0,0.131,4896.0,340.0,1784.0,RY_FY2023Q4_SFI.xlsx,"RWA = total capital RWA ($bn, 1 decimal); cet1_ratio as reported (rounded to 0.1%)"
RY,2022,4,76945.0,609900.0,0.126,5242.0,381.0,1774.0,RY_FY2024Q4_SFI.xlsx,"RWA = total capital RWA ($bn, 1 decimal); cet1_ratio as reported (rounded to 0.1%)"
RY,2023,1,78055.0,614300.0,0.127,5768.0,532.0,1829.0,RY_FY2024Q4_SFI.xlsx,"RWA = total capital RWA ($bn, 1 decimal); cet1_ratio as reported (rounded to 0.1%)"
RY,2023,2,81103.0,593500.0,0.137,5045.0,600.0,1836.0,RY_FY2024Q4_SFI.xlsx,"RWA = total capital RWA ($bn, 1 decimal); cet1_ratio as reported (rounded to 0.1%)"
RY,2023,3,82892.0,585900.0,0.141,5212.0,616.0,1885.0,RY_FY2024Q4_SFI.xlsx,"RWA = total capital RWA ($bn, 1 decimal); cet1_ratio as reported (rounded to 0.1%)"
RY,2023,4,86611.0,596200.0,0.145,4626.0,720.0,1893.0,RY_FY2025Q4_SFI.xlsx,"RWA = total capital RWA ($bn, 1 decimal); cet1_ratio as reported (rounded to 0.1%)"
RY,2024,1,88106.0,590300.0,0.149,5161.0,813.0,1944.0,RY_FY2025Q4_SFI.xlsx,"RWA = total capital RWA ($bn, 1 decimal); cet1_ratio as reported (rounded to 0.1%)"
RY,2024,2,83497.0,653700.0,0.128,5846.0,920.0,1953.0,RY_FY2025Q4_SFI.xlsx,"RWA = total capital RWA ($bn, 1 decimal); cet1_ratio as reported (rounded to 0.1%)"
RY,2024,3,86230.0,661200.0,0.13,6032.0,659.0,2009.0,RY_FY2026Q3_SFI.xlsx,"RWA = total capital RWA ($bn, 1 decimal); cet1_ratio as reported (rounded to 0.1%)"
RY,2024,4,88936.0,672300.0,0.132,6055.0,840.0,2010.0,RY_FY2026Q3_SFI.xlsx,"RWA = total capital RWA ($bn, 1 decimal); cet1_ratio as reported (rounded to 0.1%)"
RY,2025,1,93321.0,708900.0,0.132,7483.0,1050.0,2092.0,RY_FY2026Q3_SFI.xlsx,"RWA = total capital RWA ($bn, 1 decimal); cet1_ratio as reported (rounded to 0.1%)"
RY,2025,2,92829.0,703900.0,0.132,6942.0,1424.0,2087.0,RY_FY2026Q3_SFI.xlsx,"RWA = total capital RWA ($bn, 1 decimal); cet1_ratio as reported (rounded to 0.1%)"
RY,2025,3,95654.0,723200.0,0.132,7753.0,881.0,2165.0,RY_FY2026Q3_SFI.xlsx,"RWA = total capital RWA ($bn, 1 decimal); cet1_ratio as reported (rounded to 0.1%)"
RY,2025,4,98748.0,730200.0,0.135,7835.0,1007.0,2158.0,RY_FY2026Q3_SFI.xlsx,"RWA = total capital RWA ($bn, 1 decimal); cet1_ratio as reported (rounded to 0.1%)"
RY,2026,1,100415.0,734700.0,0.137,8497.0,1090.0,2292.0,RY_FY2026Q3_SFI.xlsx,"RWA = total capital RWA ($bn, 1 decimal); cet1_ratio as reported (rounded to 0.1%)"
RY,2026,2,101313.0,748600.0,0.135,8016.0,912.0,2279.0,RY_FY2026Q3_SFI.xlsx,"RWA = total capital RWA ($bn, 1 decimal); cet1_ratio as reported (rounded to 0.1%)"
RY,2026,3,104956.0,778000.0,0.135,8749.0,1000.0,2438.0,RY_FY2026Q3_SFI.xlsx,"RWA = total capital RWA ($bn, 1 decimal); cet1_ratio as reported (rounded to 0.1%)"
