bank,fiscal_year,fiscal_quarter,segment_label,pcl_total,pcl_performing,pcl_impaired,gross_loans,source,notes
RY,2018,1,Residential mortgages,10.76,0.76,10.0,257812.0,RY_FY2019Q4_SFI.xlsx,Stage 3 + loans direct (Canada); Stage 1-2 allocated (decisions.md #17)
RY,2018,1,HELOC,6.41,0.41,6.0,40492.0,RY_FY2019Q4_SFI.xlsx,Stage 3 + loans direct (Canada); Stage 1-2 allocated (decisions.md #17)
RY,2018,1,Other personal,115.15,8.15,107.0,41048.0,RY_FY2019Q4_SFI.xlsx,Stage 3 + loans direct (Canada); Stage 1-2 allocated (decisions.md #17)
RY,2018,1,Credit cards,115.73,8.73,107.0,17490.0,RY_FY2019Q4_SFI.xlsx,Stage 3 + loans direct (Canada); Stage 1-2 allocated (decisions.md #17)
RY,2018,1,Small business,7.66,0.66,7.0,4525.0,RY_FY2019Q4_SFI.xlsx,Stage 3 + loans direct (Canada); Stage 1-2 allocated (decisions.md #17)
RY,2018,1,Wholesale,27.75,-6.25,34.0,97158.0,RY_FY2019Q4_SFI.xlsx,Stage 3 + loans direct (Canada); Stage 1-2 allocated (decisions.md #17)
RY,2018,2,Residential mortgages,7.92,0.92,7.0,257974.0,RY_FY2019Q4_SFI.xlsx,Stage 3 + loans direct (Canada); Stage 1-2 allocated (decisions.md #17)
RY,2018,2,HELOC,7.58,0.58,7.0,40473.0,RY_FY2019Q4_SFI.xlsx,Stage 3 + loans direct (Canada); Stage 1-2 allocated (decisions.md #17)
RY,2018,2,Other personal,110.52,10.52,100.0,41263.0,RY_FY2019Q4_SFI.xlsx,Stage 3 + loans direct (Canada); Stage 1-2 allocated (decisions.md #17)
RY,2018,2,Credit cards,130.39,11.39,119.0,17959.0,RY_FY2019Q4_SFI.xlsx,Stage 3 + loans direct (Canada); Stage 1-2 allocated (decisions.md #17)
RY,2018,2,Small business,8.84,0.84,8.0,4629.0,RY_FY2019Q4_SFI.xlsx,Stage 3 + loans direct (Canada); Stage 1-2 allocated (decisions.md #17)
RY,2018,2,Wholesale,-5.15,-26.15,21.0,103072.0,RY_FY2019Q4_SFI.xlsx,Stage 3 + loans direct (Canada); Stage 1-2 allocated (decisions.md #17)
RY,2018,3,Residential mortgages,11.63,1.63,10.0,262235.0,RY_FY2019Q4_SFI.xlsx,Stage 3 + loans direct (Canada); Stage 1-2 allocated (decisions.md #17)
RY,2018,3,HELOC,9.07,1.07,8.0,40301.0,RY_FY2019Q4_SFI.xlsx,Stage 3 + loans direct (Canada); Stage 1-2 allocated (decisions.md #17)
RY,2018,3,Other personal,126.8,17.8,109.0,41843.0,RY_FY2019Q4_SFI.xlsx,Stage 3 + loans direct (Canada); Stage 1-2 allocated (decisions.md #17)
RY,2018,3,Credit cards,134.0,19.0,115.0,18461.0,RY_FY2019Q4_SFI.xlsx,Stage 3 + loans direct (Canada); Stage 1-2 allocated (decisions.md #17)
RY,2018,3,Small business,10.46,1.46,9.0,4775.0,RY_FY2019Q4_SFI.xlsx,Stage 3 + loans direct (Canada); Stage 1-2 allocated (decisions.md #17)
RY,2018,3,Wholesale,31.09,28.09,3.0,114275.0,RY_FY2019Q4_SFI.xlsx,Stage 3 + loans direct (Canada); Stage 1-2 allocated (decisions.md #17)
RY,2018,4,Residential mortgages,18.08,1.08,17.0,265831.0,RY_FY2020Q4_SFI.xlsx,Stage 3 + loans direct (Canada); Stage 1-2 allocated (decisions.md #17)
RY,2018,4,HELOC,3.59,0.59,3.0,40143.0,RY_FY2020Q4_SFI.xlsx,Stage 3 + loans direct (Canada); Stage 1-2 allocated (decisions.md #17)
RY,2018,4,Other personal,128.62,10.62,118.0,41969.0,RY_FY2020Q4_SFI.xlsx,Stage 3 + loans direct (Canada); Stage 1-2 allocated (decisions.md #17)
RY,2018,4,Credit cards,126.16,11.16,115.0,18793.0,RY_FY2020Q4_SFI.xlsx,Stage 3 + loans direct (Canada); Stage 1-2 allocated (decisions.md #17)
RY,2018,4,Small business,6.73,0.73,6.0,4866.0,RY_FY2020Q4_SFI.xlsx,Stage 3 + loans direct (Canada); Stage 1-2 allocated (decisions.md #17)
RY,2018,4,Wholesale,32.9,10.9,22.0,118627.0,RY_FY2020Q4_SFI.xlsx,Stage 3 + loans direct (Canada); Stage 1-2 allocated (decisions.md #17)
RY,2019,1,Residential mortgages,11.35,1.35,10.0,268953.0,RY_FY2020Q4_SFI.xlsx,Stage 3 + loans direct (Canada); Stage 1-2 allocated (decisions.md #17)
RY,2019,1,HELOC,6.73,0.73,6.0,39553.0,RY_FY2020Q4_SFI.xlsx,Stage 3 + loans direct (Canada); Stage 1-2 allocated (decisions.md #17)
RY,2019,1,Other personal,128.51,13.51,115.0,41343.0,RY_FY2020Q4_SFI.xlsx,Stage 3 + loans direct (Canada); Stage 1-2 allocated (decisions.md #17)
RY,2019,1,Credit cards,130.22,14.22,116.0,18505.0,RY_FY2020Q4_SFI.xlsx,Stage 3 + loans direct (Canada); Stage 1-2 allocated (decisions.md #17)
RY,2019,1,Small business,5.86,0.86,5.0,4954.0,RY_FY2020Q4_SFI.xlsx,Stage 3 + loans direct (Canada); Stage 1-2 allocated (decisions.md #17)
RY,2019,1,Wholesale,77.83,36.83,41.0,127600.0,RY_FY2020Q4_SFI.xlsx,Stage 3 + loans direct (Canada); Stage 1-2 allocated (decisions.md #17)
RY,2019,2,Residential mortgages,7.18,1.18,6.0,271794.0,RY_FY2020Q4_SFI.xlsx,Stage 3 + loans direct (Canada); Stage 1-2 allocated (decisions.md #17)
RY,2019,2,HELOC,3.55,0.55,3.0,39637.0,RY_FY2020Q4_SFI.xlsx,Stage 3 + loans direct (Canada); Stage 1-2 allocated (decisions.md #17)
RY,2019,2,Other personal,125.46,12.46,113.0,41670.0,RY_FY2020Q4_SFI.xlsx,Stage 3 + loans direct (Canada); Stage 1-2 allocated (decisions.md #17)
RY,2019,2,Credit cards,134.81,12.81,122.0,19057.0,RY_FY2020Q4_SFI.xlsx,Stage 3 + loans direct (Canada); Stage 1-2 allocated (decisions.md #17)
RY,2019,2,Small business,9.79,0.79,9.0,5075.0,RY_FY2020Q4_SFI.xlsx,Stage 3 + loans direct (Canada); Stage 1-2 allocated (decisions.md #17)
RY,2019,2,Wholesale,97.89,-15.11,113.0,134948.0,RY_FY2020Q4_SFI.xlsx,Stage 3 + loans direct (Canada); Stage 1-2 allocated (decisions.md #17)
RY,2019,3,Residential mortgages,7.83,0.83,7.0,279816.0,RY_FY2020Q4_SFI.xlsx,Stage 3 + loans direct (Canada); Stage 1-2 allocated (decisions.md #17)
RY,2019,3,HELOC,5.35,0.35,5.0,39514.0,RY_FY2020Q4_SFI.xlsx,Stage 3 + loans direct (Canada); Stage 1-2 allocated (decisions.md #17)
RY,2019,3,Other personal,122.52,9.52,113.0,42289.0,RY_FY2020Q4_SFI.xlsx,Stage 3 + loans direct (Canada); Stage 1-2 allocated (decisions.md #17)
RY,2019,3,Credit cards,137.98,9.98,128.0,19445.0,RY_FY2020Q4_SFI.xlsx,Stage 3 + loans direct (Canada); Stage 1-2 allocated (decisions.md #17)
RY,2019,3,Small business,11.64,0.64,11.0,5266.0,RY_FY2020Q4_SFI.xlsx,Stage 3 + loans direct (Canada); Stage 1-2 allocated (decisions.md #17)
RY,2019,3,Wholesale,66.58,4.58,62.0,141264.0,RY_FY2020Q4_SFI.xlsx,Stage 3 + loans direct (Canada); Stage 1-2 allocated (decisions.md #17)
RY,2019,4,Residential mortgages,10.31,1.31,9.0,287767.0,RY_FY2021Q4_SFI.xlsx,Stage 3 + loans direct (Canada); Stage 1-2 allocated (decisions.md #17)
RY,2019,4,HELOC,9.94,0.94,9.0,38889.0,RY_FY2021Q4_SFI.xlsx,Stage 3 + loans direct (Canada); Stage 1-2 allocated (decisions.md #17)
RY,2019,4,Other personal,143.06,19.06,124.0,42658.0,RY_FY2021Q4_SFI.xlsx,Stage 3 + loans direct (Canada); Stage 1-2 allocated (decisions.md #17)
RY,2019,4,Credit cards,159.7,20.7,139.0,19617.0,RY_FY2021Q4_SFI.xlsx,Stage 3 + loans direct (Canada); Stage 1-2 allocated (decisions.md #17)
RY,2019,4,Small business,12.48,1.48,11.0,5434.0,RY_FY2021Q4_SFI.xlsx,Stage 3 + loans direct (Canada); Stage 1-2 allocated (decisions.md #17)
RY,2019,4,Wholesale,88.14,12.14,76.0,108215.0,RY_FY2021Q4_SFI.xlsx,Stage 3 + loans direct (Canada); Stage 1-2 allocated (decisions.md #17)
RY,2020,1,Residential mortgages,10.92,0.92,10.0,293162.0,RY_FY2021Q4_SFI.xlsx,Stage 3 + loans direct (Canada); Stage 1-2 allocated (decisions.md #17)
RY,2020,1,HELOC,6.66,0.66,6.0,37811.0,RY_FY2021Q4_SFI.xlsx,Stage 3 + loans direct (Canada); Stage 1-2 allocated (decisions.md #17)
RY,2020,1,Other personal,136.55,13.55,123.0,42350.0,RY_FY2021Q4_SFI.xlsx,Stage 3 + loans direct (Canada); Stage 1-2 allocated (decisions.md #17)
RY,2020,1,Credit cards,152.06,15.06,137.0,19246.0,RY_FY2021Q4_SFI.xlsx,Stage 3 + loans direct (Canada); Stage 1-2 allocated (decisions.md #17)
RY,2020,1,Small business,13.23,1.23,12.0,5542.0,RY_FY2021Q4_SFI.xlsx,Stage 3 + loans direct (Canada); Stage 1-2 allocated (decisions.md #17)
RY,2020,1,Wholesale,30.43,24.43,6.0,110207.0,RY_FY2021Q4_SFI.xlsx,Stage 3 + loans direct (Canada); Stage 1-2 allocated (decisions.md #17)
RY,2020,2,Residential mortgages,29.4,20.4,9.0,298889.0,RY_FY2021Q4_SFI.xlsx,Stage 3 + loans direct (Canada); Stage 1-2 allocated (decisions.md #17)
RY,2020,2,HELOC,22.74,15.74,7.0,37660.0,RY_FY2021Q4_SFI.xlsx,Stage 3 + loans direct (Canada); Stage 1-2 allocated (decisions.md #17)
RY,2020,2,Other personal,417.15,286.15,131.0,41686.0,RY_FY2021Q4_SFI.xlsx,Stage 3 + loans direct (Canada); Stage 1-2 allocated (decisions.md #17)
RY,2020,2,Credit cards,455.45,316.45,139.0,16442.0,RY_FY2021Q4_SFI.xlsx,Stage 3 + loans direct (Canada); Stage 1-2 allocated (decisions.md #17)
RY,2020,2,Small business,41.97,27.97,14.0,5725.0,RY_FY2021Q4_SFI.xlsx,Stage 3 + loans direct (Canada); Stage 1-2 allocated (decisions.md #17)
RY,2020,2,Wholesale,698.42,622.42,76.0,117177.0,RY_FY2021Q4_SFI.xlsx,Stage 3 + loans direct (Canada); Stage 1-2 allocated (decisions.md #17)
RY,2020,3,Residential mortgages,13.24,7.24,6.0,307589.0,RY_FY2021Q4_SFI.xlsx,Stage 3 + loans direct (Canada); Stage 1-2 allocated (decisions.md #17)
RY,2020,3,HELOC,9.54,5.54,4.0,37073.0,RY_FY2021Q4_SFI.xlsx,Stage 3 + loans direct (Canada); Stage 1-2 allocated (decisions.md #17)
RY,2020,3,Other personal,177.58,97.58,80.0,41547.0,RY_FY2021Q4_SFI.xlsx,Stage 3 + loans direct (Canada); Stage 1-2 allocated (decisions.md #17)
RY,2020,3,Credit cards,217.0,111.0,106.0,17127.0,RY_FY2021Q4_SFI.xlsx,Stage 3 + loans direct (Canada); Stage 1-2 allocated (decisions.md #17)
RY,2020,3,Small business,24.87,10.87,14.0,5688.0,RY_FY2021Q4_SFI.xlsx,Stage 3 + loans direct (Canada); Stage 1-2 allocated (decisions.md #17)
RY,2020,3,Wholesale,82.82,12.82,70.0,108006.0,RY_FY2021Q4_SFI.xlsx,Stage 3 + loans direct (Canada); Stage 1-2 allocated (decisions.md #17)
RY,2020,4,Residential mortgages,12.04,2.04,10.0,319287.0,RY_FY2022Q4_SFI.xlsx,Stage 3 + loans direct (Canada); Stage 1-2 allocated (decisions.md #17)
RY,2020,4,HELOC,0.99,0.99,0.0,37035.0,RY_FY2022Q4_SFI.xlsx,Stage 3 + loans direct (Canada); Stage 1-2 allocated (decisions.md #17)
RY,2020,4,Other personal,65.99,21.99,44.0,42743.0,RY_FY2022Q4_SFI.xlsx,Stage 3 + loans direct (Canada); Stage 1-2 allocated (decisions.md #17)
RY,2020,4,Credit cards,116.4,27.4,89.0,17060.0,RY_FY2022Q4_SFI.xlsx,Stage 3 + loans direct (Canada); Stage 1-2 allocated (decisions.md #17)
RY,2020,4,Small business,11.85,2.85,9.0,5742.0,RY_FY2022Q4_SFI.xlsx,Stage 3 + loans direct (Canada); Stage 1-2 allocated (decisions.md #17)
RY,2020,4,Wholesale,51.69,40.69,11.0,106283.0,RY_FY2022Q4_SFI.xlsx,Stage 3 + loans direct (Canada); Stage 1-2 allocated (decisions.md #17)
RY,2021,1,Residential mortgages,12.23,-2.77,15.0,328994.0,RY_FY2022Q4_SFI.xlsx,Stage 3 + loans direct (Canada); Stage 1-2 allocated (decisions.md #17)
RY,2021,1,HELOC,3.89,-1.11,5.0,35785.0,RY_FY2022Q4_SFI.xlsx,Stage 3 + loans direct (Canada); Stage 1-2 allocated (decisions.md #17)
RY,2021,1,Other personal,56.77,-23.23,80.0,42118.0,RY_FY2022Q4_SFI.xlsx,Stage 3 + loans direct (Canada); Stage 1-2 allocated (decisions.md #17)
RY,2021,1,Credit cards,39.19,-27.81,67.0,15833.0,RY_FY2022Q4_SFI.xlsx,Stage 3 + loans direct (Canada); Stage 1-2 allocated (decisions.md #17)
RY,2021,1,Small business,5.81,-3.19,9.0,5772.0,RY_FY2022Q4_SFI.xlsx,Stage 3 + loans direct (Canada); Stage 1-2 allocated (decisions.md #17)
RY,2021,1,Wholesale,18.06,-15.94,34.0,108923.0,RY_FY2022Q4_SFI.xlsx,Stage 3 + loans direct (Canada); Stage 1-2 allocated (decisions.md #17)
RY,2021,2,Residential mortgages,0.06,-4.94,5.0,334980.0,RY_FY2022Q4_SFI.xlsx,Stage 3 + loans direct (Canada); Stage 1-2 allocated (decisions.md #17)
RY,2021,2,HELOC,-2.23,-1.23,-1.0,35293.0,RY_FY2022Q4_SFI.xlsx,Stage 3 + loans direct (Canada); Stage 1-2 allocated (decisions.md #17)
RY,2021,2,Other personal,32.41,-37.59,70.0,42257.0,RY_FY2022Q4_SFI.xlsx,Stage 3 + loans direct (Canada); Stage 1-2 allocated (decisions.md #17)
RY,2021,2,Credit cards,32.22,-46.78,79.0,16063.0,RY_FY2022Q4_SFI.xlsx,Stage 3 + loans direct (Canada); Stage 1-2 allocated (decisions.md #17)
RY,2021,2,Small business,2.51,-5.49,8.0,11112.0,RY_FY2022Q4_SFI.xlsx,Stage 3 + loans direct (Canada); Stage 1-2 allocated (decisions.md #17)
RY,2021,2,Wholesale,-43.2,-72.2,29.0,102458.0,RY_FY2022Q4_SFI.xlsx,Stage 3 + loans direct (Canada); Stage 1-2 allocated (decisions.md #17)
RY,2021,3,Residential mortgages,-10.77,-15.77,5.0,345964.0,RY_FY2022Q4_SFI.xlsx,Stage 3 + loans direct (Canada); Stage 1-2 allocated (decisions.md #17)
RY,2021,3,HELOC,-1.7,-2.7,1.0,35097.0,RY_FY2022Q4_SFI.xlsx,Stage 3 + loans direct (Canada); Stage 1-2 allocated (decisions.md #17)
RY,2021,3,Other personal,-60.51,-109.51,49.0,42514.0,RY_FY2022Q4_SFI.xlsx,Stage 3 + loans direct (Canada); Stage 1-2 allocated (decisions.md #17)
RY,2021,3,Credit cards,-63.61,-140.61,77.0,16805.0,RY_FY2022Q4_SFI.xlsx,Stage 3 + loans direct (Canada); Stage 1-2 allocated (decisions.md #17)
RY,2021,3,Small business,-9.52,-13.52,4.0,11643.0,RY_FY2022Q4_SFI.xlsx,Stage 3 + loans direct (Canada); Stage 1-2 allocated (decisions.md #17)
RY,2021,3,Wholesale,-143.66,-151.66,8.0,105445.0,RY_FY2022Q4_SFI.xlsx,Stage 3 + loans direct (Canada); Stage 1-2 allocated (decisions.md #17)
RY,2021,4,Residential mortgages,-9.03,-8.03,-1.0,354169.0,RY_FY2023Q4_SFI.xlsx,Stage 3 + loans direct (Canada); Stage 1-2 allocated (decisions.md #17)
RY,2021,4,HELOC,-1.25,-2.25,1.0,35324.0,RY_FY2023Q4_SFI.xlsx,Stage 3 + loans direct (Canada); Stage 1-2 allocated (decisions.md #17)
RY,2021,4,Other personal,-30.7,-79.7,49.0,42908.0,RY_FY2023Q4_SFI.xlsx,Stage 3 + loans direct (Canada); Stage 1-2 allocated (decisions.md #17)
RY,2021,4,Credit cards,-27.56,-92.56,65.0,17235.0,RY_FY2023Q4_SFI.xlsx,Stage 3 + loans direct (Canada); Stage 1-2 allocated (decisions.md #17)
RY,2021,4,Small business,0.04,-9.96,10.0,12003.0,RY_FY2023Q4_SFI.xlsx,Stage 3 + loans direct (Canada); Stage 1-2 allocated (decisions.md #17)
RY,2021,4,Wholesale,-50.66,-65.66,15.0,107750.0,RY_FY2023Q4_SFI.xlsx,Stage 3 + loans direct (Canada); Stage 1-2 allocated (decisions.md #17)
RY,2022,1,Residential mortgages,0.87,-1.13,2.0,361981.0,RY_FY2023Q4_SFI.xlsx,Stage 3 + loans direct (Canada); Stage 1-2 allocated (decisions.md #17)
RY,2022,1,HELOC,1.62,-0.38,2.0,35326.0,RY_FY2023Q4_SFI.xlsx,Stage 3 + loans direct (Canada); Stage 1-2 allocated (decisions.md #17)
RY,2022,1,Other personal,36.69,-21.31,58.0,42857.0,RY_FY2023Q4_SFI.xlsx,Stage 3 + loans direct (Canada); Stage 1-2 allocated (decisions.md #17)
RY,2022,1,Credit cards,42.56,-27.44,70.0,16673.0,RY_FY2023Q4_SFI.xlsx,Stage 3 + loans direct (Canada); Stage 1-2 allocated (decisions.md #17)
RY,2022,1,Small business,3.36,-2.64,6.0,11910.0,RY_FY2023Q4_SFI.xlsx,Stage 3 + loans direct (Canada); Stage 1-2 allocated (decisions.md #17)
RY,2022,1,Wholesale,27.1,-9.9,37.0,112043.0,RY_FY2023Q4_SFI.xlsx,Stage 3 + loans direct (Canada); Stage 1-2 allocated (decisions.md #17)
RY,2022,2,Residential mortgages,-3.19,-2.19,-1.0,368283.0,RY_FY2023Q4_SFI.xlsx,Stage 3 + loans direct (Canada); Stage 1-2 allocated (decisions.md #17)
RY,2022,2,HELOC,-2.25,-1.25,-1.0,35846.0,RY_FY2023Q4_SFI.xlsx,Stage 3 + loans direct (Canada); Stage 1-2 allocated (decisions.md #17)
RY,2022,2,Other personal,-9.64,-66.64,57.0,43014.0,RY_FY2023Q4_SFI.xlsx,Stage 3 + loans direct (Canada); Stage 1-2 allocated (decisions.md #17)
RY,2022,2,Credit cards,-10.67,-91.67,81.0,17960.0,RY_FY2023Q4_SFI.xlsx,Stage 3 + loans direct (Canada); Stage 1-2 allocated (decisions.md #17)
RY,2022,2,Small business,-0.07,-9.07,9.0,12077.0,RY_FY2023Q4_SFI.xlsx,Stage 3 + loans direct (Canada); Stage 1-2 allocated (decisions.md #17)
RY,2022,2,Wholesale,-135.61,-136.61,1.0,116474.0,RY_FY2023Q4_SFI.xlsx,Stage 3 + loans direct (Canada); Stage 1-2 allocated (decisions.md #17)
RY,2022,3,Residential mortgages,2.84,0.84,2.0,378279.0,RY_FY2023Q4_SFI.xlsx,Stage 3 + loans direct (Canada); Stage 1-2 allocated (decisions.md #17)
RY,2022,3,HELOC,3.05,1.05,2.0,36312.0,RY_FY2023Q4_SFI.xlsx,Stage 3 + loans direct (Canada); Stage 1-2 allocated (decisions.md #17)
RY,2022,3,Other personal,108.32,47.32,61.0,42808.0,RY_FY2023Q4_SFI.xlsx,Stage 3 + loans direct (Canada); Stage 1-2 allocated (decisions.md #17)
RY,2022,3,Credit cards,150.72,63.72,87.0,18822.0,RY_FY2023Q4_SFI.xlsx,Stage 3 + loans direct (Canada); Stage 1-2 allocated (decisions.md #17)
RY,2022,3,Small business,19.78,7.78,12.0,12403.0,RY_FY2023Q4_SFI.xlsx,Stage 3 + loans direct (Canada); Stage 1-2 allocated (decisions.md #17)
RY,2022,3,Wholesale,24.53,19.53,5.0,123853.0,RY_FY2023Q4_SFI.xlsx,Stage 3 + loans direct (Canada); Stage 1-2 allocated (decisions.md #17)
RY,2022,4,Residential mortgages,13.8,1.8,12.0,383797.0,RY_FY2024Q4_SFI.xlsx,Stage 3 + loans direct (Canada); Stage 1-2 allocated (decisions.md #17)
RY,2022,4,HELOC,7.13,1.13,6.0,36217.0,RY_FY2024Q4_SFI.xlsx,Stage 3 + loans direct (Canada); Stage 1-2 allocated (decisions.md #17)
RY,2022,4,Other personal,115.48,29.48,86.0,43205.0,RY_FY2024Q4_SFI.xlsx,Stage 3 + loans direct (Canada); Stage 1-2 allocated (decisions.md #17)
RY,2022,4,Credit cards,124.69,36.69,88.0,19778.0,RY_FY2024Q4_SFI.xlsx,Stage 3 + loans direct (Canada); Stage 1-2 allocated (decisions.md #17)
RY,2022,4,Small business,20.84,4.84,16.0,12669.0,RY_FY2024Q4_SFI.xlsx,Stage 3 + loans direct (Canada); Stage 1-2 allocated (decisions.md #17)
RY,2022,4,Wholesale,54.11,19.11,35.0,126751.0,RY_FY2024Q4_SFI.xlsx,Stage 3 + loans direct (Canada); Stage 1-2 allocated (decisions.md #17)
RY,2023,1,Residential mortgages,16.18,4.18,12.0,386626.0,RY_FY2024Q4_SFI.xlsx,Stage 3 + loans direct (Canada); Stage 1-2 allocated (decisions.md #17)
RY,2023,1,HELOC,5.93,1.93,4.0,35370.0,RY_FY2024Q4_SFI.xlsx,Stage 3 + loans direct (Canada); Stage 1-2 allocated (decisions.md #17)
RY,2023,1,Other personal,147.67,48.67,99.0,42683.0,RY_FY2024Q4_SFI.xlsx,Stage 3 + loans direct (Canada); Stage 1-2 allocated (decisions.md #17)
RY,2023,1,Credit cards,157.18,57.18,100.0,19524.0,RY_FY2024Q4_SFI.xlsx,Stage 3 + loans direct (Canada); Stage 1-2 allocated (decisions.md #17)
RY,2023,1,Small business,29.16,9.16,20.0,12814.0,RY_FY2024Q4_SFI.xlsx,Stage 3 + loans direct (Canada); Stage 1-2 allocated (decisions.md #17)
RY,2023,1,Wholesale,41.07,17.07,24.0,130057.0,RY_FY2024Q4_SFI.xlsx,Stage 3 + loans direct (Canada); Stage 1-2 allocated (decisions.md #17)
RY,2023,2,Residential mortgages,10.39,3.39,7.0,388182.0,RY_FY2024Q4_SFI.xlsx,Stage 3 + loans direct (Canada); Stage 1-2 allocated (decisions.md #17)
RY,2023,2,HELOC,7.85,1.85,6.0,35174.0,RY_FY2024Q4_SFI.xlsx,Stage 3 + loans direct (Canada); Stage 1-2 allocated (decisions.md #17)
RY,2023,2,Other personal,130.07,35.07,95.0,43262.0,RY_FY2024Q4_SFI.xlsx,Stage 3 + loans direct (Canada); Stage 1-2 allocated (decisions.md #17)
RY,2023,2,Credit cards,152.9,39.9,113.0,20599.0,RY_FY2024Q4_SFI.xlsx,Stage 3 + loans direct (Canada); Stage 1-2 allocated (decisions.md #17)
RY,2023,2,Small business,30.3,7.3,23.0,12776.0,RY_FY2024Q4_SFI.xlsx,Stage 3 + loans direct (Canada); Stage 1-2 allocated (decisions.md #17)
RY,2023,2,Wholesale,121.5,34.5,87.0,136910.0,RY_FY2024Q4_SFI.xlsx,Stage 3 + loans direct (Canada); Stage 1-2 allocated (decisions.md #17)
RY,2023,3,Residential mortgages,14.96,-0.04,15.0,394276.0,RY_FY2024Q4_SFI.xlsx,Stage 3 + loans direct (Canada); Stage 1-2 allocated (decisions.md #17)
RY,2023,3,HELOC,2.98,-0.02,3.0,34677.0,RY_FY2024Q4_SFI.xlsx,Stage 3 + loans direct (Canada); Stage 1-2 allocated (decisions.md #17)
RY,2023,3,Other personal,111.63,-0.37,112.0,44557.0,RY_FY2024Q4_SFI.xlsx,Stage 3 + loans direct (Canada); Stage 1-2 allocated (decisions.md #17)
RY,2023,3,Credit cards,112.61,-0.39,113.0,21519.0,RY_FY2024Q4_SFI.xlsx,Stage 3 + loans direct (Canada); Stage 1-2 allocated (decisions.md #17)
RY,2023,3,Small business,22.92,-0.08,23.0,13240.0,RY_FY2024Q4_SFI.xlsx,Stage 3 + loans direct (Canada); Stage 1-2 allocated (decisions.md #17)
RY,2023,3,Wholesale,105.98,55.98,50.0,138057.0,RY_FY2024Q4_SFI.xlsx,Stage 3 + loans direct (Canada); Stage 1-2 allocated (decisions.md #17)
RY,2023,4,Residential mortgages,30.44,3.44,27.0,397605.0,RY_FY2025Q4_SFI.xlsx,Stage 3 + loans direct (Canada); Stage 1-2 allocated (decisions.md #17)
RY,2023,4,HELOC,7.07,1.07,6.0,34499.0,RY_FY2025Q4_SFI.xlsx,Stage 3 + loans direct (Canada); Stage 1-2 allocated (decisions.md #17)
RY,2023,4,Other personal,163.01,25.01,138.0,45206.0,RY_FY2025Q4_SFI.xlsx,Stage 3 + loans direct (Canada); Stage 1-2 allocated (decisions.md #17)
RY,2023,4,Credit cards,148.29,25.29,123.0,22140.0,RY_FY2025Q4_SFI.xlsx,Stage 3 + loans direct (Canada); Stage 1-2 allocated (decisions.md #17)
RY,2023,4,Small business,-1.28,3.72,-5.0,13681.0,RY_FY2025Q4_SFI.xlsx,Stage 3 + loans direct (Canada); Stage 1-2 allocated (decisions.md #17)
RY,2023,4,Wholesale,137.79,59.79,78.0,143475.0,RY_FY2025Q4_SFI.xlsx,Stage 3 + loans direct (Canada); Stage 1-2 allocated (decisions.md #17)
RY,2024,1,Residential mortgages,40.58,8.58,32.0,398097.0,RY_FY2025Q4_SFI.xlsx,Stage 3 + loans direct (Canada); Stage 1-2 allocated (decisions.md #17)
RY,2024,1,HELOC,11.54,2.54,9.0,34694.0,RY_FY2025Q4_SFI.xlsx,Stage 3 + loans direct (Canada); Stage 1-2 allocated (decisions.md #17)
RY,2024,1,Other personal,199.14,52.14,147.0,45489.0,RY_FY2025Q4_SFI.xlsx,Stage 3 + loans direct (Canada); Stage 1-2 allocated (decisions.md #17)
RY,2024,1,Credit cards,199.56,52.56,147.0,22092.0,RY_FY2025Q4_SFI.xlsx,Stage 3 + loans direct (Canada); Stage 1-2 allocated (decisions.md #17)
RY,2024,1,Small business,35.84,7.84,28.0,14050.0,RY_FY2025Q4_SFI.xlsx,Stage 3 + loans direct (Canada); Stage 1-2 allocated (decisions.md #17)
RY,2024,1,Wholesale,134.1,-1.9,136.0,147332.0,RY_FY2025Q4_SFI.xlsx,Stage 3 + loans direct (Canada); Stage 1-2 allocated (decisions.md #17)
RY,2024,2,Residential mortgages,30.17,7.17,23.0,433330.0,RY_FY2025Q4_SFI.xlsx,Stage 3 + loans direct (Canada); Stage 1-2 allocated (decisions.md #17)
RY,2024,2,HELOC,12.07,2.07,10.0,36761.0,RY_FY2025Q4_SFI.xlsx,Stage 3 + loans direct (Canada); Stage 1-2 allocated (decisions.md #17)
RY,2024,2,Other personal,184.0,40.0,144.0,47545.0,RY_FY2025Q4_SFI.xlsx,Stage 3 + loans direct (Canada); Stage 1-2 allocated (decisions.md #17)
RY,2024,2,Credit cards,221.63,41.63,180.0,23450.0,RY_FY2025Q4_SFI.xlsx,Stage 3 + loans direct (Canada); Stage 1-2 allocated (decisions.md #17)
RY,2024,2,Small business,39.21,6.21,33.0,14789.0,RY_FY2025Q4_SFI.xlsx,Stage 3 + loans direct (Canada); Stage 1-2 allocated (decisions.md #17)
RY,2024,2,Wholesale,222.02,72.02,150.0,190655.0,RY_FY2025Q4_SFI.xlsx,Stage 3 + loans direct (Canada); Stage 1-2 allocated (decisions.md #17)
RY,2024,3,Residential mortgages,42.45,2.45,40.0,437674.0,RY_FY2026Q3_SFI.xlsx,Stage 3 + loans direct (Canada); Stage 1-2 allocated (decisions.md #17)
RY,2024,3,HELOC,3.56,0.56,3.0,37023.0,RY_FY2026Q3_SFI.xlsx,Stage 3 + loans direct (Canada); Stage 1-2 allocated (decisions.md #17)
RY,2024,3,Other personal,174.88,11.88,163.0,48233.0,RY_FY2026Q3_SFI.xlsx,Stage 3 + loans direct (Canada); Stage 1-2 allocated (decisions.md #17)
RY,2024,3,Credit cards,164.08,12.08,152.0,24110.0,RY_FY2026Q3_SFI.xlsx,Stage 3 + loans direct (Canada); Stage 1-2 allocated (decisions.md #17)
RY,2024,3,Small business,44.07,2.07,42.0,15227.0,RY_FY2026Q3_SFI.xlsx,Stage 3 + loans direct (Canada); Stage 1-2 allocated (decisions.md #17)
RY,2024,3,Wholesale,188.27,5.27,183.0,188944.0,RY_FY2026Q3_SFI.xlsx,Stage 3 + loans direct (Canada); Stage 1-2 allocated (decisions.md #17)
RY,2024,4,Residential mortgages,8.64,7.64,1.0,441191.0,RY_FY2026Q3_SFI.xlsx,Stage 3 + loans direct (Canada); Stage 1-2 allocated (decisions.md #17)
RY,2024,4,HELOC,7.15,2.15,5.0,37450.0,RY_FY2026Q3_SFI.xlsx,Stage 3 + loans direct (Canada); Stage 1-2 allocated (decisions.md #17)
RY,2024,4,Other personal,242.36,51.36,191.0,49527.0,RY_FY2026Q3_SFI.xlsx,Stage 3 + loans direct (Canada); Stage 1-2 allocated (decisions.md #17)
RY,2024,4,Credit cards,225.99,51.99,174.0,24619.0,RY_FY2026Q3_SFI.xlsx,Stage 3 + loans direct (Canada); Stage 1-2 allocated (decisions.md #17)
RY,2024,4,Small business,58.94,11.94,47.0,15531.0,RY_FY2026Q3_SFI.xlsx,Stage 3 + loans direct (Canada); Stage 1-2 allocated (decisions.md #17)
RY,2024,4,Wholesale,230.78,36.78,194.0,189413.0,RY_FY2026Q3_SFI.xlsx,Stage 3 + loans direct (Canada); Stage 1-2 allocated (decisions.md #17)
RY,2025,1,Residential mortgages,50.01,6.01,44.0,443260.0,RY_FY2026Q3_SFI.xlsx,Stage 3 + loans direct (Canada); Stage 1-2 allocated (decisions.md #17)
RY,2025,1,HELOC,6.28,1.28,5.0,37178.0,RY_FY2026Q3_SFI.xlsx,Stage 3 + loans direct (Canada); Stage 1-2 allocated (decisions.md #17)
RY,2025,1,Other personal,232.53,38.53,194.0,50396.0,RY_FY2026Q3_SFI.xlsx,Stage 3 + loans direct (Canada); Stage 1-2 allocated (decisions.md #17)
RY,2025,1,Credit cards,225.58,38.58,187.0,24207.0,RY_FY2026Q3_SFI.xlsx,Stage 3 + loans direct (Canada); Stage 1-2 allocated (decisions.md #17)
RY,2025,1,Small business,55.35,9.35,46.0,16000.0,RY_FY2026Q3_SFI.xlsx,Stage 3 + loans direct (Canada); Stage 1-2 allocated (decisions.md #17)
RY,2025,1,Wholesale,244.05,-17.95,262.0,189130.0,RY_FY2026Q3_SFI.xlsx,Stage 3 + loans direct (Canada); Stage 1-2 allocated (decisions.md #17)
RY,2025,2,Residential mortgages,44.46,17.46,27.0,444898.0,RY_FY2026Q3_SFI.xlsx,Stage 3 + loans direct (Canada); Stage 1-2 allocated (decisions.md #17)
RY,2025,2,HELOC,7.81,2.81,5.0,37833.0,RY_FY2026Q3_SFI.xlsx,Stage 3 + loans direct (Canada); Stage 1-2 allocated (decisions.md #17)
RY,2025,2,Other personal,287.73,112.73,175.0,50805.0,RY_FY2026Q3_SFI.xlsx,Stage 3 + loans direct (Canada); Stage 1-2 allocated (decisions.md #17)
RY,2025,2,Credit cards,305.39,110.39,195.0,25007.0,RY_FY2026Q3_SFI.xlsx,Stage 3 + loans direct (Canada); Stage 1-2 allocated (decisions.md #17)
RY,2025,2,Small business,73.07,28.07,45.0,16292.0,RY_FY2026Q3_SFI.xlsx,Stage 3 + loans direct (Canada); Stage 1-2 allocated (decisions.md #17)
RY,2025,2,Wholesale,390.82,134.82,256.0,190749.0,RY_FY2026Q3_SFI.xlsx,Stage 3 + loans direct (Canada); Stage 1-2 allocated (decisions.md #17)
RY,2025,3,Residential mortgages,31.36,0.36,31.0,450827.0,RY_FY2026Q3_SFI.xlsx,Stage 3 + loans direct (Canada); Stage 1-2 allocated (decisions.md #17)
RY,2025,3,HELOC,2.06,0.06,2.0,38276.0,RY_FY2026Q3_SFI.xlsx,Stage 3 + loans direct (Canada); Stage 1-2 allocated (decisions.md #17)
RY,2025,3,Other personal,197.63,2.63,195.0,51407.0,RY_FY2026Q3_SFI.xlsx,Stage 3 + loans direct (Canada); Stage 1-2 allocated (decisions.md #17)
RY,2025,3,Credit cards,208.66,2.66,206.0,25573.0,RY_FY2026Q3_SFI.xlsx,Stage 3 + loans direct (Canada); Stage 1-2 allocated (decisions.md #17)
RY,2025,3,Small business,39.62,0.62,39.0,16521.0,RY_FY2026Q3_SFI.xlsx,Stage 3 + loans direct (Canada); Stage 1-2 allocated (decisions.md #17)
RY,2025,3,Wholesale,232.44,-17.56,250.0,194599.0,RY_FY2026Q3_SFI.xlsx,Stage 3 + loans direct (Canada); Stage 1-2 allocated (decisions.md #17)
RY,2025,4,Residential mortgages,51.77,1.77,50.0,454346.0,RY_FY2026Q3_SFI.xlsx,Stage 3 + loans direct (Canada); Stage 1-2 allocated (decisions.md #17)
RY,2025,4,HELOC,6.21,0.21,6.0,38663.0,RY_FY2026Q3_SFI.xlsx,Stage 3 + loans direct (Canada); Stage 1-2 allocated (decisions.md #17)
RY,2025,4,Other personal,232.18,9.18,223.0,52179.0,RY_FY2026Q3_SFI.xlsx,Stage 3 + loans direct (Canada); Stage 1-2 allocated (decisions.md #17)
RY,2025,4,Credit cards,224.37,9.37,215.0,25836.0,RY_FY2026Q3_SFI.xlsx,Stage 3 + loans direct (Canada); Stage 1-2 allocated (decisions.md #17)
RY,2025,4,Small business,42.99,1.99,41.0,16797.0,RY_FY2026Q3_SFI.xlsx,Stage 3 + loans direct (Canada); Stage 1-2 allocated (decisions.md #17)
RY,2025,4,Wholesale,312.61,-5.39,318.0,194504.0,RY_FY2026Q3_SFI.xlsx,Stage 3 + loans direct (Canada); Stage 1-2 allocated (decisions.md #17)
RY,2026,1,Residential mortgages,72.21,1.21,71.0,457596.0,RY_FY2026Q3_SFI.xlsx,Stage 3 + loans direct (Canada); Stage 1-2 allocated (decisions.md #17)
RY,2026,1,HELOC,4.11,0.11,4.0,38239.0,RY_FY2026Q3_SFI.xlsx,Stage 3 + loans direct (Canada); Stage 1-2 allocated (decisions.md #17)
RY,2026,1,Other personal,211.38,5.38,206.0,52679.0,RY_FY2026Q3_SFI.xlsx,Stage 3 + loans direct (Canada); Stage 1-2 allocated (decisions.md #17)
RY,2026,1,Credit cards,234.69,5.69,229.0,25542.0,RY_FY2026Q3_SFI.xlsx,Stage 3 + loans direct (Canada); Stage 1-2 allocated (decisions.md #17)
RY,2026,1,Small business,45.14,1.14,44.0,16927.0,RY_FY2026Q3_SFI.xlsx,Stage 3 + loans direct (Canada); Stage 1-2 allocated (decisions.md #17)
RY,2026,1,Wholesale,241.23,6.23,235.0,195011.0,RY_FY2026Q3_SFI.xlsx,Stage 3 + loans direct (Canada); Stage 1-2 allocated (decisions.md #17)
RY,2026,2,Residential mortgages,40.66,-0.34,41.0,461384.0,RY_FY2026Q3_SFI.xlsx,Stage 3 + loans direct (Canada); Stage 1-2 allocated (decisions.md #17)
RY,2026,2,HELOC,3.97,-0.03,4.0,38663.0,RY_FY2026Q3_SFI.xlsx,Stage 3 + loans direct (Canada); Stage 1-2 allocated (decisions.md #17)
RY,2026,2,Other personal,196.56,-1.44,198.0,53469.0,RY_FY2026Q3_SFI.xlsx,Stage 3 + loans direct (Canada); Stage 1-2 allocated (decisions.md #17)
RY,2026,2,Credit cards,241.43,-1.57,243.0,26753.0,RY_FY2026Q3_SFI.xlsx,Stage 3 + loans direct (Canada); Stage 1-2 allocated (decisions.md #17)
RY,2026,2,Small business,0.78,-0.22,1.0,17055.0,RY_FY2026Q3_SFI.xlsx,Stage 3 + loans direct (Canada); Stage 1-2 allocated (decisions.md #17)
RY,2026,2,Wholesale,264.34,10.34,254.0,198351.0,RY_FY2026Q3_SFI.xlsx,Stage 3 + loans direct (Canada); Stage 1-2 allocated (decisions.md #17)
RY,2026,3,Residential mortgages,38.88,3.88,35.0,473303.0,RY_FY2026Q3_SFI.xlsx,Stage 3 + loans direct (Canada); Stage 1-2 allocated (decisions.md #17)
RY,2026,3,HELOC,4.35,0.35,4.0,39672.0,RY_FY2026Q3_SFI.xlsx,Stage 3 + loans direct (Canada); Stage 1-2 allocated (decisions.md #17)
RY,2026,3,Other personal,226.48,16.48,210.0,55130.0,RY_FY2026Q3_SFI.xlsx,Stage 3 + loans direct (Canada); Stage 1-2 allocated (decisions.md #17)
RY,2026,3,Credit cards,248.06,18.06,230.0,27409.0,RY_FY2026Q3_SFI.xlsx,Stage 3 + loans direct (Canada); Stage 1-2 allocated (decisions.md #17)
RY,2026,3,Small business,46.56,2.56,44.0,17145.0,RY_FY2026Q3_SFI.xlsx,Stage 3 + loans direct (Canada); Stage 1-2 allocated (decisions.md #17)
RY,2026,3,Wholesale,201.52,-11.48,213.0,199509.0,RY_FY2026Q3_SFI.xlsx,Stage 3 + loans direct (Canada); Stage 1-2 allocated (decisions.md #17)
