bank,portfolio,quarter,pcl_total,pcl_performing,pcl_impaired,gross_loans,avg_loans,pcl_bps,pcl_perf_bps,pcl_imp_bps,loan_growth_qoq
BMO,business,2017Q4,18.84,-0.61,19.45,78025.9,78025.9,9.658331400214545,-0.3127166748477108,9.971048075062255,
BMO,business,2018Q1,16.63,-0.32,16.95,84185.5,81105.7,8.201643041117949,-0.15781874763426,8.359461788752208,0.0789430176390149
BMO,business,2018Q2,28.08,0.55,27.53,86319.3,85252.4,13.174995659946232,0.25805725117416056,12.91693840877207,0.025346407635519208
BMO,business,2018Q3,20.86,-3.81,24.67,90351.4,88335.35,9.445822085948603,-1.7252436312303057,11.17106571717891,0.046711453869528574
BMO,business,2018Q4,21.19,1.12,20.08,94801.1,92576.25,9.15569598034053,0.4839254128353655,8.676091330119766,0.04924882182235146
BMO,business,2019Q1,22.09,3.67,18.42,100983.1,97892.1,9.026264632181759,1.499610285201768,7.526654346979992,0.06521021380553593
BMO,business,2019Q2,42.02,3.9,38.13,105934.0,103458.55,16.24611982286626,1.5078502453398004,14.742135860206817,0.04902701541148957
BMO,business,2019Q3,39.56,1.79,37.78,106187.4,106060.7,14.919758213928441,0.6750851163531827,14.248444522806281,0.0023920554307399478
BMO,business,2019Q4,63.39,2.59,60.8,107142.8,106665.1,23.771599145362448,0.9712642654438987,22.800334879918548,0.008997300998046853
BMO,business,2020Q1,246.94,148.47,98.47,113283.2,110213.0,89.62282126427917,53.88475043778865,35.73807082649052,0.05731043056556295
BMO,business,2020Q2,272.85,134.57,138.28,109593.5,111438.35,97.9375591975294,48.30294059450808,49.634618603021316,-0.03257058416428915
BMO,business,2020Q3,78.62,-8.22,86.84,109199.7,109396.6,28.7467800644627,-3.0055778698789544,31.752357934341653,-0.003593278798468935
BMO,business,2020Q4,57.64,5.94,51.71,107682.7,108441.2,21.261291833731093,2.191049158437937,19.07393131024002,-0.01389197955672039
BMO,business,2021Q1,10.24,-21.71,31.96,112626.7,110154.7,3.7184069313429204,-7.883458445259258,11.60549663337107,0.045912667494407255
BMO,business,2021Q2,-17.63,-9.41,-8.22,115519.4,114073.04999999999,-6.182003549479917,-3.2996400113786737,-2.8823635381012433,0.02568396303895959
BMO,business,2021Q3,-15.95,-21.93,5.98,116391.0,115955.2,-5.502124958604702,-7.564990617065901,2.062865658461199,0.0075450530387104475
BMO,business,2021Q4,-2.06,-6.68,4.61,119561.5,117976.25,-0.698445661732764,-2.2648626312499336,1.563026456596137,0.027240078700243142
BMO,business,2022Q1,22.47,-1.2,23.67,129609.2,124585.35,7.214331380053914,-0.38527804432864693,7.599609424382562,0.08403792190629922
BMO,business,2022Q2,4.9,-3.33,8.24,135492.0,132550.6,1.4786805944295989,-1.00489926111236,2.486597571040795,0.045388753267515014
BMO,business,2022Q3,40.54,4.1,36.44,140469.8,137980.9,11.752351231221134,1.1885703021215255,10.563780929099607,0.03673870043987826
BMO,business,2022Q4,30.29,1.84,28.45,138042.8,139256.3,8.700504034646908,0.5285218693875968,8.17198216525931,-0.01727773514306985
BMO,business,2023Q1,33.8,7.9,25.9,140850.0,139446.4,9.69548156137412,2.2661036785460222,7.429377882828097,0.02033572196449218
BMO,business,2023Q2,64.85,14.64,50.21,144068.4,142459.2,18.208722216606574,4.110650628390444,14.098071588216133,0.022849840255591003
BMO,business,2023Q3,55.87,2.87,53.0,141924.0,142996.2,15.628387327775142,0.8028185364366326,14.825568791338508,-0.014884596483337065
BMO,business,2023Q4,73.51,16.51,57.0,145012.0,143468.0,20.49516268436167,4.603117071402682,15.892045612958988,0.021758124066401763
BMO,business,2024Q1,79.17,14.17,65.0,146467.0,145739.5,21.72918117600239,3.889130949399442,17.840050226602948,0.010033652387388736
BMO,business,2024Q2,86.28,8.28,78.0,150588.0,148527.5,23.236101058726497,2.229890087694198,21.0062109710323,0.028136030641714438
BMO,business,2024Q3,221.34,34.34,187.0,151666.0,151127.0,58.58384008152085,9.089044313722896,49.494795767797946,0.0071586049353202785
BMO,business,2024Q4,206.14,15.14,191.0,150884.0,151275.0,54.50735415633779,4.003305238803503,50.50404891753429,-0.005156066620073063
BMO,business,2025Q1,209.04,50.04,159.0,152449.0,151666.5,55.13148915548258,13.19737713997488,41.93411201550771,0.010372206463243216
BMO,business,2025Q2,253.61,36.61,217.0,155933.0,154191.0,65.79112918393422,9.49731177565487,56.29381740827934,0.0228535444640503
BMO,business,2025Q3,232.5,32.5,200.0,154485.0,155209.0,59.91920571616336,8.375802949571224,51.54340276659214,-0.009286039516972044
BMO,business,2025Q4,208.41,8.41,200.0,152836.0,153660.5,54.252068683884275,2.189241867623755,52.06282681626052,-0.010674175486293125
BMO,business,2026Q1,151.32,6.32,145.0,155438.0,154137.0,39.26896202728741,1.6400993920992366,37.62886263518818,0.017024784736580312
BMO,business,2026Q2,190.34,17.34,173.0,155850.0,155644.0,48.916758757163784,4.4563234046927604,44.46043535247102,0.002650574505590697
BMO,consumer,2017Q4,69.03999999999999,-2.25,71.3,59926.0,59926.0,46.08350298701732,-1.501852284484197,47.592030170543666,
BMO,consumer,2018Q1,112.47999999999999,-1.63,114.11,59413.7,59669.85,75.40156377131834,-1.0926791335992967,76.49424290491764,-0.00854887694823625
BMO,consumer,2018Q2,89.53999999999999,2.3499999999999996,87.18,59848.0,59630.85,60.062870141881255,1.5763652538912323,58.479796950739434,0.007309761889934485
BMO,consumer,2018Q3,72.53,-15.51,88.05000000000001,60353.1,60100.55,48.27243677470505,-10.32270087378568,58.601793161626645,0.008439713941986282
BMO,consumer,2018Q4,89.25,4.67,84.58,60834.600000000006,60593.850000000006,58.916870276438935,3.082821111383416,55.83404916505552,0.007978049180572544
BMO,consumer,2019Q1,114.16,14.56,99.6,60946.8,60890.700000000004,74.99338979515754,9.564679006810563,65.42871078834698,0.0018443451588405768
BMO,consumer,2019Q2,121.66,14.58,107.07,62077.700000000004,61512.25,79.11269706440586,9.481038329763583,69.62515596486878,0.01855552711545161
BMO,consumer,2019Q3,97.64,5.98,91.65,63073.7,62575.7,62.414004158163635,3.8225701030911363,58.58504179737502,0.016044408861797255
BMO,consumer,2019Q4,78.80000000000001,6.2,72.6,63983.6,63528.649999999994,49.615409740329774,3.9037505125640166,45.71165922776574,0.014425981034884572
BMO,consumer,2020Q1,357.26,243.26,114.0,63920.9,63952.25,223.45421779530824,152.15101892427552,71.30319887103269,-0.0009799386092685936
BMO,consumer,2020Q2,298.71,165.23000000000002,133.48000000000002,62971.9,63446.4,188.322741715842,104.16981893377718,84.15292278206486,-0.014846474314347935
BMO,consumer,2020Q3,67.28999999999999,-8.46,75.75,63625.799999999996,63298.85,42.52209953261394,-5.346068688451687,47.86816822106562,0.010383996671531115
BMO,consumer,2020Q4,107.25,6.71,100.53999999999999,64113.9,63869.85,67.16784210390348,4.202295762398064,62.965546341505416,0.007671416312250878
BMO,consumer,2021Q1,95.72,-30.669999999999998,126.4,64504.4,64309.15,59.537406418837755,-19.07660107465267,78.6202274481936,0.006090722916559432
BMO,consumer,2021Q2,83.82,-22.560000000000002,106.4,66573.9,65539.15,51.15720908800313,-13.768869446735275,64.93828497928338,0.032083082704435606
BMO,consumer,2021Q3,-19.950000000000003,-101.5,81.55000000000001,68990.6,67782.25,-11.77299366722114,-59.89768707884439,48.124693411623255,0.03630101285939413
BMO,consumer,2021Q4,17.43,-61.730000000000004,79.15,70550.6,69770.6,9.992747661622516,-35.390264667352724,45.37727925515905,0.022611776097033465
BMO,consumer,2022Q1,48.849999999999994,-11.489999999999998,60.36,71908.4,71229.5,27.43245424999473,-6.452382790838064,33.896068342470464,0.019245761198345424
BMO,consumer,2022Q2,63.540000000000006,-24.22,87.75999999999999,75207.1,73557.75,34.55244348827962,-13.170604049199438,47.72304753747905,0.0458736392410346
BMO,consumer,2022Q3,120.06,18.49,101.56,76186.3,75696.70000000001,63.44265998385662,9.770571240225795,53.66680449742194,0.013020047309363125
BMO,consumer,2022Q4,126.64,7.01,119.62,77199.7,76693.0,66.05035661664037,3.656135501284341,62.389005515496855,0.013301604094174246
BMO,consumer,2023Q1,185.65,36.55,149.1,77455.29999999999,77327.5,96.03310594549158,18.906598558080887,77.12650738741068,0.0033108936951826706
BMO,consumer,2023Q2,203.09,53.95,149.14,78919.7,78187.5,103.89896083133495,27.600319744204636,76.29864108713029,0.018906388587998535
BMO,consumer,2023Q3,189.87,10.870000000000001,179.0,80919.0,79919.35,95.030802928202,5.440484688626722,89.59031823957527,0.025333345159700427
BMO,consumer,2023Q4,244.84,58.84,186.0,80630.0,80774.5,121.24618536790696,29.137908622151794,92.10827674575516,-0.003571472707275203
BMO,consumer,2024Q1,282.15,47.15,235.0,81050.0,80840.0,139.6091044037605,23.330034636318654,116.27906976744185,0.0052089792881062635
BMO,consumer,2024Q2,273.70000000000005,27.7,246.0,81733.0,81391.5,134.51036041847124,13.613215139173008,120.89714527929821,0.00842689697717458
BMO,consumer,2024Q3,330.28,81.28,249.0,81964.0,81848.5,161.41041069781363,39.72216961825812,121.68824107955552,0.0028262758004722333
BMO,consumer,2024Q4,316.56,29.560000000000002,287.0,81432.0,81698.0,154.99033024064238,14.472814511983158,140.51751572865922,-0.00649065443365382
BMO,consumer,2025Q1,375.06,87.06,288.0,81667.0,81549.5,183.96679317469759,42.70289823971944,141.26389493497814,0.0028858434030847313
BMO,consumer,2025Q2,362.97,54.97,308.0,81574.0,81620.5,177.88178215031766,26.939310589864064,150.94247156045358,-0.0011387708621597437
BMO,consumer,2025Q3,347.0,50.0,297.0,81392.0,81483.0,170.3422799847821,24.54499711596284,145.79728286881925,-0.0022311030475397065
BMO,consumer,2025Q4,311.90999999999997,12.91,299.0,80844.0,81118.0,153.80556719840231,6.366034665548953,147.43953253285338,-0.0067328484371927955
BMO,consumer,2026Q1,321.08,10.08,311.0,81266.0,81055.0,158.45043488988958,4.974400098698414,153.47603479119118,0.005219929741230089
BMO,consumer,2026Q2,301.49,28.49,273.0,82126.0,81696.0,147.61555033294164,13.94927536231884,133.6662749706228,0.010582531439962573
BMO,mortgage,2017Q4,4.12,-0.13,4.25,111193.1,111193.1,1.4821063537215888,-0.04676549174364237,1.5288718454652312,
BMO,mortgage,2018Q1,0.9,-0.05,0.94,110525.9,110859.5,0.32473536323003444,-0.01804085351277969,0.33916804604025813,-0.006000372325261294
BMO,mortgage,2018Q2,6.39,0.1,6.29,110513.8,110519.85,2.3127067219146604,0.03619259345719344,2.276514128457467,-0.00010947660231663825
BMO,mortgage,2018Q3,3.6,-0.68,4.28,110817.6,110665.70000000001,1.3012161853221007,-0.2457852794497301,1.5470014647718309,0.0027489779556941762
BMO,mortgage,2018Q4,5.56,0.21,5.35,111029.3,110923.45000000001,2.004986321647947,0.07572790063778218,1.9292584210101649,0.0019103463709735369
BMO,mortgage,2019Q1,3.75,0.77,2.98,111109.1,111069.20000000001,1.350509412150263,0.277304599294854,1.0732048128554088,0.0007187292003101309
BMO,mortgage,2019Q2,1.32,0.52,0.8,111658.3,111383.70000000001,0.4740370449177034,0.18674186617970132,0.28729517873800203,0.004942889466299283
BMO,mortgage,2019Q3,5.8,0.23,5.57,113013.8,112336.05,2.0652319535892527,0.08189712919405658,1.9833348243951965,0.01213971554286597
BMO,mortgage,2019Q4,2.8,0.2,2.6,114208.6,113611.20000000001,0.9858182996042641,0.07041559282887602,0.9154027067753883,0.010572160214062487
BMO,mortgage,2020Q1,9.8,7.26,2.53,114855.8,114532.20000000001,3.4226182680503823,2.5355314924536505,0.883594307976272,0.005666823689284284
BMO,mortgage,2020Q2,14.44,7.2,7.24,115904.7,115380.25,5.006056062454363,2.4960944355728127,2.509961626881551,0.009132320701261909
BMO,mortgage,2020Q3,2.09,-0.32,2.4,117450.5,116677.6,0.7165042818844405,-0.10970400488182822,0.8227800366137116,0.013336818955572927
BMO,mortgage,2020Q4,11.11,0.36,10.75,120020.4,118735.45,3.742774377829031,0.12127801764342494,3.621496360185606,0.021880707191540116
BMO,mortgage,2021Q1,1.03,-1.62,2.65,122064.9,121042.65,0.3403758922991194,-0.5353484908005568,0.875724383099676,0.017034604117299956
BMO,mortgage,2021Q2,1.8,-1.03,2.83,125536.8,123800.85,0.5815792056355025,-0.33279254544698195,0.9143717510824845,0.028443065942789447
BMO,mortgage,2021Q3,-2.11,-4.57,2.47,128361.5,126949.15,-0.6648331241288342,-1.4399466242979968,0.7782643680560288,0.022500971826587834
BMO,mortgage,2021Q4,0.63,-1.6,2.23,129861.9,129111.7,0.1951798326565292,-0.4956948130959472,0.6908746457524764,0.011688863093684665
BMO,mortgage,2022Q1,0.67,-0.3,0.97,131291.5,130576.7,0.20524335505492175,-0.09190000972608436,0.2971433647810061,0.011008617616098393
BMO,mortgage,2022Q2,-0.44,-0.44,0.0,134492.9,132892.2,-0.1324381716910398,-0.1324381716910398,0.0,0.024383909087793088
BMO,mortgage,2022Q3,4.4,0.4,4.0,138549.9,136521.4,1.2891751769319684,0.11719774335745166,1.1719774335745166,0.030165161134900087
BMO,mortgage,2022Q4,3.07,0.15,2.92,141906.5,140228.2,0.8757154409740693,0.04278739939612717,0.8329280415779422,0.024226650470335898
BMO,mortgage,2023Q1,0.55,0.55,0.0,143230.8,142568.65,0.15431162461031933,0.15431162461031933,0.0,0.009332201132435713
BMO,mortgage,2023Q2,8.07,1.41,6.66,145803.9,144517.34999999998,2.233641843003626,0.3902645599300015,1.8433772830736244,0.017964711500598973
BMO,mortgage,2023Q3,5.27,0.27,5.0,150575.0,148189.45,1.4225034238267296,0.07287968205563891,1.3496237417710908,0.032722718665275874
BMO,mortgage,2023Q4,8.66,1.66,7.0,150042.0,150308.5,2.3045935525934995,0.44175811747173316,1.8628354351217662,-0.0035397642370911253
BMO,mortgage,2024Q1,9.68,1.68,8.0,151770.0,150906.0,2.565835685791155,0.4453103256331756,2.120525360157979,0.011516775302915283
BMO,mortgage,2024Q2,12.02,1.02,11.0,155781.0,153775.5,3.1266359075405377,0.26532184905918044,2.8613140584813577,0.02642814785530745
BMO,mortgage,2024Q3,15.37,3.37,12.0,158910.0,157345.5,3.9073249632178864,0.8567134109332648,3.050611552284622,0.020085889806844115
BMO,mortgage,2024Q4,15.31,1.31,14.0,160123.0,159516.5,3.839101284193171,0.3284926637683249,3.5106086204248466,0.007633251526021123
BMO,mortgage,2025Q1,14.91,3.91,11.0,160938.0,160530.5,3.715181850178004,0.9742696870688126,2.7409121631091913,0.005089837187661983
BMO,mortgage,2025Q2,15.43,2.43,13.0,161830.0,161384.0,3.824418777573985,0.6022901898577306,3.2221285877162544,0.005542507052405332
BMO,mortgage,2025Q3,23.5,2.5,21.0,162340.0,162085.0,5.799426226979672,0.6169602369127309,5.182465990066941,0.0031514552307978505
BMO,mortgage,2025Q4,17.67,0.67,17.0,162052.0,162196.0,4.357690695208267,0.16523218821672545,4.192458506991541,-0.001774054453615892
BMO,mortgage,2026Q1,22.61,0.61,22.0,162090.0,162071.0,5.580270375329331,0.15055130159004385,5.429719073739288,0.00023449263199459836
BMO,mortgage,2026Q2,32.17,2.17,30.0,164183.0,163136.5,7.8878730388355764,0.5320697697940069,7.355803269041569,0.012912579431180182
BNS,business,2017Q4,10.0,-4.0,14.0,46000.0,46000.0,8.695652173913043,-3.4782608695652177,12.17391304347826,
BNS,business,2018Q1,12.0,1.0,11.0,47800.0,46900.0,10.23454157782516,0.8528784648187633,9.381663113006397,0.03913043478260869
BNS,business,2018Q2,7.0,12.0,-5.0,49700.0,48750.0,5.743589743589744,9.846153846153845,-4.102564102564102,0.03974895397489542
BNS,business,2018Q3,19.0,12.0,7.0,50300.0,50000.0,15.200000000000001,9.6,5.6,0.012072434607645954
BNS,business,2018Q4,29.0,1.0,28.0,50400.0,50350.0,23.038728897715988,0.7944389275074478,22.24428997020854,0.001988071570576455
BNS,business,2019Q1,8.0,-5.0,13.0,51700.0,51050.0,6.268364348677767,-3.9177277179236043,10.186092066601372,0.025793650793650702
BNS,business,2019Q2,23.0,9.0,14.0,54200.0,52950.0,17.37488196411709,6.798866855524079,10.576015108593014,0.04835589941972929
BNS,business,2019Q3,20.0,-9.0,29.0,55313.0,54756.5,14.610137609233607,-6.574561924155123,21.18469953338873,0.020535055350553444
BNS,business,2019Q4,18.0,-1.0,19.0,56607.9,55960.45,12.866229631820332,-0.7147905351011296,13.58102016692146,0.02341040984940257
BNS,business,2020Q1,143.0,85.0,58.0,59245.5,57926.7,98.7454835162369,58.694867824336626,40.05061569190028,0.04659420328258057
BNS,business,2020Q2,218.0,140.0,78.0,59400.0,59322.75,146.99251130468497,94.3988604708986,52.59365083378637,0.0026077929969365865
BNS,business,2020Q3,94.0,46.0,48.0,58200.0,58800.0,63.945578231292515,31.292517006802722,32.6530612244898,-0.02020202020202022
BNS,business,2020Q4,26.0,3.0,23.0,58900.0,58550.0,17.76259607173356,2.049530315969257,15.713065755764305,0.012027491408934665
BNS,business,2021Q1,-18.0,-51.0,33.0,61000.0,59950.0,-12.010008340283571,-34.028356964136776,22.018348623853214,0.035653650254668934
BNS,business,2021Q2,-23.0,-50.0,27.0,63300.0,62150.0,-14.802896218825422,-32.180209171359614,17.37731295253419,0.03770491803278686
BNS,business,2021Q3,-64.0,-93.0,29.0,64800.0,64050.0,-39.968774395003905,-58.07962529274005,18.110850897736142,0.023696682464454888
BNS,business,2021Q4,-22.0,-41.0,19.0,68300.0,66550.0,-13.223140495867769,-24.64312546957175,11.419984973703981,0.05401234567901225
BNS,business,2022Q1,-10.0,-23.0,13.0,72700.0,70500.0,-5.673758865248227,-13.049645390070923,7.375886524822694,0.0644216691068813
BNS,business,2022Q2,8.0,8.0,0.0,77800.0,75250.0,4.25249169435216,4.25249169435216,0.0,0.07015130674002745
BNS,business,2022Q3,26.0,10.0,16.0,81000.0,79400.0,13.09823677581864,5.037783375314861,8.060453400503778,0.041131105398457546
BNS,business,2022Q4,33.0,21.0,12.0,83700.0,82350.0,16.029143897996356,10.200364298724955,5.828779599271402,0.03333333333333344
BNS,business,2023Q1,30.0,14.0,16.0,85600.0,84650.0,14.176018901358535,6.61547548730065,7.560543414057886,0.022700119474313052
BNS,business,2023Q2,66.0,29.0,37.0,87900.0,86750.0,30.43227665706052,13.371757925072044,17.060518731988473,0.026869158878504606
BNS,business,2023Q3,215.0,174.0,41.0,90100.0,89000.0,96.62921348314606,78.20224719101122,18.426966292134832,0.025028441410694047
BNS,business,2023Q4,97.0,9.0,88.0,91300.0,90700.0,42.77839029768467,3.9691289966923926,38.80926130099228,0.013318534961154205
BNS,business,2024Q1,63.0,7.0,56.0,92100.0,91700.0,27.480916030534353,3.053435114503817,24.427480916030536,0.008762322015334112
BNS,business,2024Q2,70.0,13.0,57.0,94300.0,93200.0,30.042918454935624,5.579399141630901,24.463519313304722,0.023887079261672106
BNS,business,2024Q3,95.0,-11.0,106.0,95100.0,94700.0,40.12671594508976,-4.646251319957762,44.77296726504752,0.008483563096500557
BNS,business,2024Q4,115.0,6.0,109.0,94300.0,94700.0,48.57444561774023,2.534318901795143,46.04012671594509,-0.008412197686645584
BNS,business,2025Q1,192.0,97.0,95.0,93400.0,93850.0,81.83271177410762,41.34256792754395,40.49014384656367,-0.009544008483563071
BNS,business,2025Q2,136.0,4.0,132.0,94000.0,93700.0,58.057630736392746,1.7075773745997866,56.35005336179296,0.0064239828693790635
BNS,business,2025Q3,140.0,1.0,139.0,93500.0,93750.0,59.733333333333334,0.4266666666666667,59.306666666666665,-0.005319148936170248
BNS,business,2025Q4,140.0,11.0,129.0,93000.0,93250.0,60.05361930294906,4.718498659517427,55.33512064343164,-0.005347593582887722
BNS,business,2026Q1,140.0,25.0,115.0,94700.0,93850.0,59.66968566862013,10.655301012253595,49.014384656366545,0.018279569892473146
BNS,business,2026Q2,129.0,8.0,121.0,97200.0,95950.0,53.77800937988536,3.335070349140177,50.44293903074518,0.026399155227032844
BNS,consumer,2017Q4,187.83,-5.64,193.46999999999997,74000.0,74000.0,101.52972972972974,-3.0486486486486486,104.57837837837836,
BNS,consumer,2018Q1,182.89,0.0,182.89,73800.0,73900.0,98.99323410013531,0.0,98.99323410013531,-0.002702702702702675
BNS,consumer,2018Q2,163.35,-4.6899999999999995,168.05,75100.0,74450.0,87.76359973136333,-2.5198119543317663,90.28878441907321,0.017615176151761558
BNS,consumer,2018Q3,169.07999999999998,-1.8900000000000001,170.97,76200.0,75650.0,89.40118968935889,-0.9993390614672837,90.40052875082617,0.01464713715046595
BNS,consumer,2018Q4,192.54999999999998,0.9600000000000001,191.6,76400.0,76300.0,100.94364351245085,0.5032765399737877,100.44560943643512,0.002624671916010568
BNS,consumer,2019Q1,234.68,23.95,210.73,76200.0,76300.0,123.03014416775886,12.55570117955439,110.47444298820446,-0.002617801047120394
BNS,consumer,2019Q2,210.31,-23.15,233.45999999999998,77600.0,76900.0,109.39401820546163,-12.041612483745121,121.43563068920675,0.018372703412073532
BNS,consumer,2019Q3,220.29999999999998,0.97,219.33,78872.40000000001,78236.20000000001,112.63328229131781,0.4959341072291343,112.13734818408868,0.016396907216494894
BNS,consumer,2019Q4,226.51,-6.83,233.35,79110.90000000001,78991.65000000001,114.7007310266338,-3.458593408290623,118.1643882612909,0.003023871468346373
BNS,consumer,2020Q1,512.26,264.39,247.87,78243.9,78677.4,260.43565242369476,134.4172532391767,126.01839918451806,-0.010959298908241655
BNS,consumer,2020Q2,510.87,282.22,228.64,75900.0,77071.95,265.1392627278796,146.4709274904813,118.66314528177891,-0.029956328863975257
BNS,consumer,2020Q3,217.76000000000002,42.44,175.32,76400.0,76150.0,114.38476690741957,22.292843072882466,92.0919238345371,0.006587615283267567
BNS,consumer,2020Q4,170.81,-1.81,172.63,75800.0,76100.0,89.78186596583443,-0.9513797634691197,90.73850197109067,-0.007853403141361293
BNS,consumer,2021Q1,147.81,-41.71,189.53,74000.0,74900.0,78.93724966622163,-22.275033377837115,101.21762349799734,-0.0237467018469657
BNS,consumer,2021Q2,84.88,-14.76,99.64,74500.0,74250.0,45.72659932659933,-7.951515151515151,53.67811447811448,0.006756756756756799
BNS,consumer,2021Q3,-30.4,-96.89,66.49000000000001,75100.0,74800.0,-16.256684491978607,-51.81283422459892,35.55614973262033,0.008053691275167862
BNS,consumer,2021Q4,-12.41,-113.53,101.14,75200.0,75150.0,-6.6054557551563535,-60.428476380572185,53.83366600133067,0.0013315579227697327
BNS,consumer,2022Q1,-1.92,-115.29,113.37,75300.0,75250.0,-1.0205980066445182,-61.283720930232555,60.26312292358804,0.0013297872340425343
BNS,consumer,2022Q2,82.35,-56.19,138.54,77400.0,76350.0,43.143418467583494,-29.438113948919447,72.58153241650294,0.027888446215139417
BNS,consumer,2022Q3,130.64,0.0,130.64,78700.0,78050.0,66.95195387572069,0.0,66.95195387572069,0.01679586563307489
BNS,consumer,2022Q4,176.37,9.530000000000001,166.82999999999998,79700.0,79200.0,89.07575757575758,4.813131313131313,84.25757575757574,0.01270648030495547
BNS,consumer,2023Q1,177.11,-17.9,195.0,80300.0,80000.0,88.555,-8.95,97.5,0.007528230865746499
BNS,consumer,2023Q2,221.9,18.42,203.49,81600.0,80950.0,109.64793082149475,9.10191476219889,100.55095738109945,0.016189290161892966
BNS,consumer,2023Q3,444.33000000000004,219.88,224.46,82300.0,81950.0,216.87858450274558,107.32397803538744,109.5594874923734,0.008578431372548989
BNS,consumer,2023Q4,256.84000000000003,2.74,254.10000000000002,82500.0,82400.0,124.67961165048546,1.3300970873786409,123.34951456310681,0.002430133657351119
BNS,consumer,2024Q1,331.46,19.98,311.49,82700.0,82600.0,160.51331719128328,9.675544794188863,150.84261501210653,0.00242424242424244
BNS,consumer,2024Q2,334.08,76.88,257.2,83500.0,83100.0,160.80866425992778,37.00601684717208,123.8026474127557,0.0096735187424426
BNS,consumer,2024Q3,322.74,0.0,322.74,84100.0,83800.0,154.05250596658712,0.0,154.05250596658712,0.007185628742514938
BNS,consumer,2024Q4,384.21,40.879999999999995,343.35,83800.0,83950.0,183.0661107802263,19.478260869565215,163.59737939249555,-0.003567181926278251
BNS,consumer,2025Q1,554.3,198.94,355.37,82800.0,83300.0,266.1704681872749,95.52941176470588,170.64585834333735,-0.011933174224343701
BNS,consumer,2025Q2,285.71999999999997,4.46,281.25,83000.0,82900.0,137.86248492159226,2.151990349819059,135.70566948130278,0.0024154589371980784
BNS,consumer,2025Q3,318.43,18.89,299.53,83200.0,83100.0,153.27557160048136,9.09265944645006,144.17809867629362,0.002409638554216942
BNS,consumer,2025Q4,395.26,10.879999999999999,384.38,83300.0,83250.0,189.91471471471473,5.227627627627627,184.6870870870871,0.0012019230769231282
BNS,consumer,2026Q1,396.75,31.009999999999998,365.74,83400.0,83350.0,190.40191961607678,14.881823635272944,175.52009598080383,0.0012004801920768582
BNS,consumer,2026Q2,342.48,22.270000000000003,320.2,84000.0,83700.0,163.67025089605735,10.642771804062127,153.0227001194743,0.007194244604316502
BNS,mortgage,2017Q4,12.17,-0.37,12.53,199400.0,199400.0,2.441323971915747,-0.07422266800401203,2.5135406218655967,
BNS,mortgage,2018Q1,10.11,0.0,10.11,200700.0,200050.0,2.0214946263434137,0.0,2.0214946263434137,0.006519558676028048
BNS,mortgage,2018Q2,10.65,-0.31,10.95,201700.0,201200.0,2.1172962226640157,-0.061630218687872766,2.176938369781312,0.004982561036372735
BNS,mortgage,2018Q3,9.92,-0.11,10.04,202500.0,202100.0,1.9633844631370607,-0.021771400296882733,1.9871350816427509,0.00396628656420428
BNS,mortgage,2018Q4,9.45,0.05,9.41,204500.0,203500.0,1.8574938574938575,0.009828009828009828,1.8496314496314497,0.009876543209876631
BNS,mortgage,2019Q1,10.32,1.05,9.27,205000.0,204750.0,2.016117216117216,0.20512820512820515,1.810989010989011,0.0024449877750611915
BNS,mortgage,2019Q2,7.69,-0.85,8.54,207300.0,206150.0,1.4921173902498182,-0.1649284501576522,1.6570458404074702,0.011219512195121961
BNS,mortgage,2019Q3,6.7,0.03,6.67,212115.7,209707.85,1.27796837362073,0.005722246449048045,1.2722461271716818,0.02323058369512787
BNS,mortgage,2019Q4,5.49,-0.17,5.65,215381.2,213748.45,1.027375871029708,-0.031813096188533764,1.0573176086189164,0.015394900047474014
BNS,mortgage,2020Q1,14.74,7.61,7.13,217844.0,216612.6,2.721909990462235,1.4052737467718868,1.3166362436903485,0.01143460989167111
BNS,mortgage,2020Q2,23.13,12.78,10.35,220700.0,219272.0,4.219416979824145,2.3313510160896054,1.8880659637345398,0.013110299113126889
BNS,mortgage,2020Q3,18.24,3.56,14.69,225500.0,223100.0,3.270282384580905,0.6382787987449574,2.6337965038099505,0.021748980516538285
BNS,mortgage,2020Q4,18.19,-0.19,18.38,231000.0,228250.0,3.1877327491785326,-0.03329682365826944,3.2210295728368017,0.024390243902439046
BNS,mortgage,2021Q1,15.19,-4.29,19.48,234800.0,232900.0,2.6088449978531556,-0.7367969085444396,3.3456419063975953,0.016450216450216493
BNS,mortgage,2021Q2,7.12,-1.24,8.36,243300.0,239050.0,1.191382555950638,-0.2074879732273583,1.3988705291779961,0.036201022146507666
BNS,mortgage,2021Q3,-1.6,-5.11,3.51,255200.0,249250.0,-0.2567703109327984,-0.820060180541625,0.5632898696088264,0.04891080969995887
BNS,mortgage,2021Q4,-0.6,-5.46,4.87,264900.0,260050.0,-0.09228994424149202,-0.8398384925975774,0.7490867140934436,0.038009404388714696
BNS,mortgage,2022Q1,-0.08,-4.71,4.63,271800.0,268350.0,-0.011924725172349543,-0.7020681945220794,0.6901434693497298,0.026047565118912708
BNS,mortgage,2022Q2,2.65,-1.81,4.46,278400.0,275100.0,0.3853144311159578,-0.26317702653580516,0.648491457651763,0.024282560706401668
BNS,mortgage,2022Q3,6.36,0.0,6.36,282300.0,280350.0,0.9074371321562332,0.0,0.9074371321562332,0.014008620689655249
BNS,mortgage,2022Q4,8.63,0.47,8.17,282900.0,282600.0,1.221514508138712,0.0665251238499646,1.1564048124557678,0.002125398512220933
BNS,mortgage,2023Q1,10.9,-1.1,12.0,281100.0,282000.0,1.546099290780142,-0.15602836879432627,1.702127659574468,-0.006362672322375418
BNS,mortgage,2023Q2,19.1,1.59,17.51,277000.0,279050.0,2.737860598459058,0.22791614406020427,2.509944454398853,-0.014585556741373185
BNS,mortgage,2023Q3,40.67,20.12,20.54,271400.0,274200.0,5.932895696571846,2.9350838803792856,2.9963530269876,-0.0202166064981949
BNS,mortgage,2023Q4,24.16,0.26,23.9,268500.0,269950.0,3.5799222078162622,0.03852565289868494,3.541396554917577,-0.010685335298452503
BNS,mortgage,2024Q1,33.54,2.02,31.52,267600.0,268050.0,5.0050363738108565,0.3014362991979109,4.703600074612945,-0.003351955307262622
BNS,mortgage,2024Q2,30.91,7.11,23.8,270800.0,269200.0,4.592867756315007,1.0564635958395245,3.5364041604754832,0.01195814648729443
BNS,mortgage,2024Q3,32.26,0.0,32.26,274700.0,272750.0,4.731072410632446,0.0,4.731072410632446,0.014401772525849399
BNS,mortgage,2024Q4,38.78,4.13,34.66,278900.0,276800.0,5.604046242774567,0.5968208092485549,5.008670520231214,0.015289406625409452
BNS,mortgage,2025Q1,58.7,21.07,37.63,282700.0,280800.0,8.361823361823362,3.0014245014245016,5.360398860398861,0.013624955181068543
BNS,mortgage,2025Q2,34.29,0.54,33.75,283800.0,283250.0,4.842365401588703,0.07625772285966462,4.766107678729038,0.0038910505836575737
BNS,mortgage,2025Q3,35.57,2.11,33.46,287000.0,285400.0,4.985283812193413,0.2957252978276103,4.689558514365802,0.01127554615926707
BNS,mortgage,2025Q4,40.74,1.12,39.62,293400.0,290200.0,5.615437629221227,0.15437629221226742,5.461061337008959,0.022299651567944334
BNS,mortgage,2026Q1,38.25,2.99,35.26,295200.0,294300.0,5.198776758409786,0.40638803941556234,4.792388718994223,0.006134969325153339
BNS,mortgage,2026Q2,26.52,1.73,24.8,294100.0,294650.0,3.6002036314271164,0.2348549126081792,3.3667062616663843,-0.0037262872628726074
CM,business,2017Q4,5.91,-7.09,13.0,61940.0,61940.0,3.816596706490152,-4.578624475298676,8.395221181788829,
CM,business,2018Q1,8.02,-0.98,9.0,64445.0,63192.5,5.076551805989635,-0.6203267792855165,5.696878585275152,0.04044236357765585
CM,business,2018Q2,-10.16,-12.16,2.0,65997.0,65221.0,-6.231121877922756,-7.457720672789439,1.2265987948666839,0.02408255101249135
CM,business,2018Q3,11.33,0.33,11.0,69230.0,67613.5,6.702803434225413,0.19522728449200236,6.507576149733411,0.04898707517008338
CM,business,2018Q4,59.17,7.17,52.0,71579.0,70404.5,33.61716935707235,4.073603249792272,29.543566107280075,0.033930377004188994
CM,business,2019Q1,33.0,0.0,33.0,75296.0,73437.5,17.974468085106384,0.0,17.974468085106384,0.05192863828776595
CM,business,2019Q2,28.13,6.13,22.0,75733.0,75514.5,14.900449582530507,3.2470585119414155,11.653391070589093,0.005803761155971143
CM,business,2019Q3,104.01,15.01,89.0,75295.0,75514.0,55.094419577826635,7.950843552188998,47.143576025637635,-0.005783476159666234
CM,business,2019Q4,34.46,-2.54,37.0,76638.0,75966.5,18.144840159807284,-1.3374316310478962,19.48227179085518,0.017836509728401673
CM,business,2020Q1,315.16,215.16,100.0,82106.0,79372.0,158.82679030388553,108.43118480068537,50.39560550320012,0.07134841723427021
CM,business,2020Q2,140.41,56.41,84.0,77793.0,79949.5,70.24934489896748,28.222815652380564,42.02652924658691,-0.05252965678513144
CM,business,2020Q3,32.31,5.31,27.0,77342.0,77567.5,16.661617301060367,2.7382602249653525,13.923357076095014,-0.005797436787371657
CM,business,2020Q4,62.0,-7.0,69.0,78289.0,77815.5,31.870257210966965,-3.598254846399496,35.46851205736646,0.012244317447182684
CM,business,2021Q1,-18.91,-25.91,7.0,80331.0,79310.0,-9.537258857647206,-13.067708990039087,3.5304501323918798,0.02608284688781315
CM,business,2021Q2,-79.8,-61.8,-18.0,83553.0,81942.0,-38.954382368016404,-30.167679578238264,-8.786702789778134,0.040109048810546444
CM,business,2021Q3,-30.11,-34.11,4.0,85927.0,84740.0,-14.212886476280385,-16.10101486901109,1.8881283927307055,0.028413103060332956
CM,business,2021Q4,-35.67,-20.67,-15.0,91729.0,88828.0,-16.062502814427884,-9.307875894988067,-6.754626919439817,0.06752243183167117
CM,business,2022Q1,-5.91,-4.91,-1.0,96009.0,93869.0,-2.5184033067359834,-2.092277535714666,-0.42612577102131693,0.04665918084793241
CM,business,2022Q2,0.52,7.52,-7.0,98829.0,97419.0,0.21351071146285633,3.087693365770537,-2.874182654307681,0.029372246351904607
CM,business,2022Q3,48.34,35.34,13.0,104521.0,101675.0,19.017457585443818,13.903122694861079,5.1143348905827395,0.05759443078448623
CM,business,2022Q4,38.96,24.96,14.0,106246.0,105383.5,14.787893740481197,9.473968885072141,5.313924855409053,0.01650386046823127
CM,business,2023Q1,73.89,37.89,36.0,108734.0,107490.0,27.49651130337706,14.099916271281051,13.396595032096009,0.02341735218267038
CM,business,2023Q2,57.73,17.73,40.0,110242.0,109488.0,21.090895805933073,6.47742218325296,14.613473622680111,0.013868707120127999
CM,business,2023Q3,25.66,10.66,15.0,108709.0,109475.5,9.375613721791634,3.894935396504241,5.480678325287393,-0.013905770940294992
CM,business,2023Q4,36.59,10.59,26.0,108518.0,108613.5,13.475304635243317,3.900067671145852,9.575236964097465,-0.001756984242335058
CM,business,2024Q1,19.06,19.06,0.0,107898.0,108208.0,7.04568978264084,7.04568978264084,0.0,-0.00571333787943018
CM,business,2024Q2,70.55,10.55,60.0,108689.0,108293.5,26.05881239409567,3.896817445183691,22.161994948911985,0.00733099779421309
CM,business,2024Q3,38.24,3.24,35.0,108650.0,108669.5,14.07570661501157,1.19260694123006,12.883099673781512,-0.0003588219599039988
CM,business,2024Q4,20.36,1.36,19.0,108701.0,108675.5,7.493869363379971,0.5005728061982692,6.993296557181702,0.00046939714680171996
CM,business,2025Q1,73.2,32.2,41.0,111388.0,110044.5,26.60741790820986,11.704355965086851,14.903061943123008,0.02471918381615623
CM,business,2025Q2,27.35,-1.65,29.0,112970.0,112179.0,9.752270924148014,-0.5883454122429331,10.340616336390948,0.014202607103099174
CM,business,2025Q3,24.03,-17.97,42.0,112917.0,112943.5,8.510449915223099,-6.364244068937123,14.87469398416022,-0.00046915110206247057
CM,business,2025Q4,89.49,-22.51,112.0,116709.0,114813.0,31.17765409840349,-7.842317507599315,39.019971606002805,0.03358218868726581
CM,business,2026Q1,108.32,-6.68,115.0,119694.0,118201.5,36.65604920411331,-2.2605466089685833,38.9165958130819,0.025576433694059597
CM,business,2026Q2,100.37,-31.63,132.0,121039.0,120366.5,33.35479556188807,-10.511230284173752,43.86602584606182,0.011236987651845443
CM,consumer,2017Q4,138.94,-24.27,163.2,52214.6,52214.6,106.43766302911446,-18.59250094801071,125.02250328452196,
CM,consumer,2018Q1,177.22,-1.78,179.0,53336.0,52775.3,134.32041125299145,-1.3491159690233878,135.66952722201484,0.021476751713122466
CM,consumer,2018Q2,178.71,3.49,175.22,53602.200000000004,53469.100000000006,133.69216987007448,2.610853745434279,131.08131612464018,0.004991000449977578
CM,consumer,2018Q3,165.47,3.45,162.01999999999998,54310.1,53956.15,122.66998293985023,2.5576324478303216,120.1123504920199,0.013206547492453646
CM,consumer,2018Q4,194.32999999999998,18.009999999999998,176.34,53702.8,54006.45,143.9309563950232,13.339147453683774,130.60662198681825,-0.011182082154148065
CM,consumer,2019Q1,190.44,4.34,186.1,54334.899999999994,54018.85,141.01744113397453,3.2136929979072124,137.80374813606733,0.011770335997377979
CM,consumer,2019Q2,184.54000000000002,3.54,181.0,54930.4,54632.649999999994,135.113343394472,2.591856701075273,132.52148669339672,0.01095980668042107
CM,consumer,2019Q3,230.51,31.34,199.17000000000002,54902.5,54916.45,167.8986897368639,22.82740417488749,145.07128556197645,-0.0005079154712145373
CM,consumer,2019Q4,191.75,20.61,171.14,54088.5,54495.5,140.74556614766357,15.127854593498546,125.61771155416501,-0.014826282956149517
CM,consumer,2020Q1,607.86,425.01,182.83999999999997,52147.5,53118.0,457.7431379193494,320.04970066644074,137.68590684890242,-0.035885631881083735
CM,consumer,2020Q2,180.03,56.03,124.0,51766.6,51957.05,138.59909290462025,43.135628369970966,95.46346453464929,-0.007304281125653178
CM,consumer,2020Q3,165.2,81.2,84.0,52233.2,51999.899999999994,127.07716745609127,62.46165858011266,64.61550887597862,0.00901353382296688
CM,consumer,2020Q4,35.230000000000004,-58.96,94.19,51229.7,51731.45,27.24068240886347,-45.58928852757849,72.82997093644195,-0.019211918856206434
CM,consumer,2021Q1,64.08,-117.32000000000001,181.4,51594.1,51411.899999999994,49.85616170575295,-91.2784783289472,141.13464003470014,0.00711306136869827
CM,consumer,2021Q2,57.150000000000006,-27.98,85.13,50635.7,51114.899999999994,44.722771638015544,-21.895768161534118,66.61853979954965,-0.01857576738425526
CM,consumer,2021Q3,128.82,49.620000000000005,79.2,51507.0,51071.35,100.89414123574177,38.863276572873055,62.03086466286872,0.017207227311955897
CM,consumer,2021Q4,95.11,4.2,90.91,52228.2,51867.6,73.34829450369787,3.239016264488814,70.10927823920906,0.014001980313355311
CM,consumer,2022Q1,211.95,100.45,111.50999999999999,57421.0,54824.6,154.63861113441774,73.28826840505904,81.35763872422234,0.09942521473073929
CM,consumer,2022Q2,187.86,56.58,131.28,58775.2,58098.1,129.33985792994952,38.95480230850923,90.3850556214403,0.02358370630953832
CM,consumer,2022Q3,244.8,100.00999999999999,144.79,60196.5,59485.85,164.61057545617993,67.24960641900552,97.36096903717439,0.024181967904830737
CM,consumer,2022Q4,148.61,-29.729999999999997,178.33999999999997,59374.399999999994,59785.45,99.42887441676865,-19.891127356238012,119.32000177300664,-0.01365694018755248
CM,consumer,2023Q1,131.05,-68.92,199.97,60516.0,59945.2,87.44653450151138,-45.98866965161514,133.43520415312653,0.019227141663747505
CM,consumer,2023Q2,383.62,165.74,217.87,62256.4,61386.2,249.97149196399192,107.99821458243059,141.9667612590452,0.02875933637385164
CM,consumer,2023Q3,250.94,18.84,232.1,62519.7,62388.05,160.88978578429683,12.07923632811091,148.81054945618592,0.004229284057542637
CM,consumer,2023Q4,290.86,42.39,248.45999999999998,62474.799999999996,62497.25,186.15859097800305,27.130793754925218,159.0213969414654,-0.0007181736316713705
CM,consumer,2024Q1,265.68,-4.32,270.0,64019.600000000006,63247.2,168.02641065533336,-2.732136758623307,170.75854741395668,0.024726769833597118
CM,consumer,2024Q2,323.08,34.64,288.45000000000005,65069.7,64544.65,200.22108726284827,21.467309839002922,178.75997468419152,0.016402789145824048
CM,consumer,2024Q3,281.92,-10.04,291.96000000000004,65627.6,65348.65,172.56362602746958,-6.145498032476569,178.70912405994616,0.008573883082295009
CM,consumer,2024Q4,393.71000000000004,112.5,281.21000000000004,65004.1,65315.850000000006,241.11146069445627,68.89598772732805,172.21547296712822,-0.009500575977180459
CM,consumer,2025Q1,352.49,22.11,330.38,66083.6,65543.85,215.1170552233352,13.493256804414143,201.62379841892107,0.016606644811635096
CM,consumer,2025Q2,377.18,75.18,302.0,67003.1,66543.35,226.7273889877801,45.19159314942816,181.535795838352,0.013914193536671782
CM,consumer,2025Q3,463.38,149.38,314.0,67711.4,67357.25,275.17750501987535,88.70908476815785,186.4684202517175,0.010571152678010343
CM,consumer,2025Q4,447.08000000000004,109.46,337.62,67181.4,67446.4,265.14684252977185,64.91673388053329,200.23010864923853,-0.007827337789500732
CM,consumer,2026Q1,452.65999999999997,71.66,381.0,68277.1,67729.25,267.335014044892,42.32144900467671,225.01356504021527,0.016309573780838305
CM,consumer,2026Q2,392.52,39.94,352.57,69354.6,68815.85,228.15674005334526,23.215581875396435,204.93534556355837,0.015781279521245084
CM,mortgage,2017Q4,7.72,-1.08,8.8,204665.4,204665.4,1.508804126149315,-0.21107622490171765,1.7198803510510328,
CM,mortgage,2018Q1,12.9,-0.1,13.0,204883.0,204774.2,2.519848691876223,-0.01953371078973816,2.5393824026659604,0.001063198762467854
CM,mortgage,2018Q2,20.02,0.24,19.78,204784.8,204833.9,3.9095091193401093,0.04686724218989142,3.862641877150218,-0.0004792979407760578
CM,mortgage,2018Q3,15.27,0.29,14.98,203991.9,204388.34999999998,2.988428645761855,0.05675470250628277,2.9316739432555723,-0.003871869396556704
CM,mortgage,2018Q4,14.24,1.57,12.66,203867.1,203929.5,2.793122132893966,0.3079495610002476,2.483211109721742,-0.0006117889975042479
CM,mortgage,2019Q1,10.25,0.36,9.9,203524.2,203695.65000000002,2.0128068517908946,0.07069370406289971,1.9440768617297421,-0.0016819781122112687
CM,mortgage,2019Q2,10.24,0.24,10.0,203597.5,203560.85,2.012174737922346,0.04716034542005498,1.965014392502291,0.0003601537311042069
CM,mortgage,2019Q3,10.58,1.75,8.83,204554.5,204076.0,2.07373723514769,0.34300946706129093,1.7307277680863993,0.004700450644040233
CM,mortgage,2019Q4,14.02,1.16,12.86,205410.5,204982.5,2.735843303696657,0.22636078689644235,2.509482516800215,0.004184703831985992
CM,mortgage,2020Q1,42.28,27.12,15.16,208606.4,207008.45,8.169714811158675,5.240365791831203,2.929349019327472,0.015558600947858103
CM,mortgage,2020Q2,21.46,4.46,17.0,211855.4,210230.9,4.083129549462044,0.8485907637744974,3.2345387856875467,0.015574785816734327
CM,mortgage,2020Q3,0.51,6.51,-6.0,216442.8,214149.09999999998,0.09526073189193886,1.2159752247382782,-1.1207144928463395,0.02165344853140394
CM,mortgage,2020Q4,3.82,-4.98,8.8,221885.3,219164.05,0.6971946357078179,-0.9089081900065271,1.6061028257143453,0.025145211575529514
CM,mortgage,2021Q1,19.94,-14.65,34.6,230288.9,226087.09999999998,3.5278439150221317,-2.5919214320498605,6.121534576718442,0.03787362209213496
CM,mortgage,2021Q2,-6.86,-2.73,-4.13,240385.3,235337.09999999998,-1.165987003324168,-0.46401523601676065,-0.7019717673074071,0.04384232153612255
CM,mortgage,2021Q3,16.91,6.11,10.8,246825.0,243605.15,2.776624385814504,1.0032628620536144,1.7733615237608895,0.02678907570471245
CM,mortgage,2021Q4,9.62,0.52,9.09,252143.8,249484.4,1.5423810065879868,0.08337194630205336,1.4574057536262788,0.02154887065734834
CM,mortgage,2022Q1,44.29,13.8,30.49,257080.0,254611.9,6.958040845694958,2.1680055017067152,4.790035343988242,0.01957692396164412
CM,mortgage,2022Q2,11.14,7.41,3.72,262798.7,259939.35,1.7142460347000177,1.1402659889701194,0.5724412252319627,0.02224482651314763
CM,mortgage,2022Q3,22.6,11.39,11.21,264374.5,263586.6,3.429612886239286,1.7284641935515692,1.7011486926877164,0.005996224486650714
CM,mortgage,2022Q4,7.72,-2.95,10.66,265529.6,264952.05,1.1654939072937915,-0.44536360447107326,1.6093478046310645,0.004369180840058329
CM,mortgage,2023Q1,25.96,-6.07,32.03,265967.0,265748.3,3.9074567927621744,-0.9136464842860708,4.821103277048245,0.0016472739762347643
CM,mortgage,2023Q2,50.14,19.02,31.12,267237.6,266602.3,7.522815819668472,2.8536888091363055,4.669127010532168,0.004777284399944293
CM,mortgage,2023Q3,29.19,2.29,26.9,268644.3,267940.94999999995,4.357676570154731,0.34186637018343036,4.0158101999713,0.005263855086260261
CM,mortgage,2023Q4,38.32,5.79,32.54,268714.2,268679.25,5.704943720067702,0.8619943668891438,4.844438117197364,0.00026019535869559185
CM,mortgage,2024Q1,13.53,-0.47,14.0,268798.4,268756.30000000005,2.0137202365116647,-0.06995184857061953,2.0836720850822843,0.00031334406592575803
CM,mortgage,2024Q2,16.45,2.9,13.55,271422.4,270110.4,2.4360409669527714,0.429454030648209,2.0065869363045628,0.00976196286882658
CM,mortgage,2024Q3,-13.5,-0.55,-12.95,274691.4,273056.9,-1.9776097948815796,-0.08056928793961991,-1.8970405069419596,0.012043958052098791
CM,mortgage,2024Q4,26.69,4.9,21.78,276176.9,275434.15,3.876062572487834,0.71160384433085,3.163006475413452,0.005407886814075669
CM,mortgage,2025Q1,23.69,1.07,22.62,277577.4,276877.15,3.4224564937915605,0.1545811924169257,3.2678753013746347,0.0050710251291834485
CM,mortgage,2025Q2,56.95,5.95,51.0,280034.9,278806.15,8.170551474563958,0.8536397062977269,7.31691176826623,0.008853386478870462
CM,mortgage,2025Q3,34.04,14.04,20.0,280990.7,280512.80000000005,4.853967448187746,2.0020476783947108,2.8519197697930356,0.003413146004301648
CM,mortgage,2025Q4,-15.64,7.98,-23.62,281655.6,281323.15,-2.22377717582076,1.1346382265377022,-3.358415402358462,0.0023662704851084015
CM,mortgage,2026Q1,9.08,4.08,5.0,283077.9,282366.75,1.286270426670279,0.577971733569905,0.7082986931003739,0.005049784204539387
CM,mortgage,2026Q2,39.22,1.8,37.42,284209.4,283643.65,5.530883557590659,0.25383963293378853,5.277043924656872,0.003997132944677073
NBC,business,2017Q4,13.0,5.0,8.0,47409.0,47409.0,10.968381530932945,4.218608281128056,6.749773249804889,
NBC,business,2018Q1,14.83,8.83,6.0,49906.0,48657.5,12.19133740944356,7.258901505420542,4.932435904023018,0.0526693243898837
NBC,business,2018Q2,27.83,10.83,17.0,51528.0,50717.0,21.949247786738173,8.541514679496027,13.407733107242148,0.03250110207189527
NBC,business,2018Q3,9.0,0.0,9.0,53029.0,52278.5,6.886196046175771,0.0,6.886196046175771,0.02912979351032452
NBC,business,2018Q4,19.74,16.91,2.82,53536.0,53282.5,14.819124478018109,12.69459954018674,2.1170177825740155,0.00956080635124179
NBC,business,2019Q1,26.39,7.83,18.57,54890.0,54213.0,19.47134451146404,5.777212107797023,13.701510707763822,0.025291392707710747
NBC,business,2019Q2,26.22,11.69,14.53,56631.0,55760.5,18.809013549017674,8.385864545690946,10.423149003326728,0.03171798141738025
NBC,business,2019Q3,18.15,2.57,15.57,56915.0,56773.0,12.787768833776617,1.8107198844521162,10.970003346661265,0.005014921156257124
NBC,business,2019Q4,28.82,7.9,20.92,57735.0,57325.0,20.10989969472307,5.5124291321413,14.597470562581771,0.014407449705701403
NBC,business,2020Q1,289.07,228.3,60.77,61914.0,59824.5,193.2786734531839,152.64649098613447,40.63218246704946,0.07238243699662239
NBC,business,2020Q2,68.91,26.53,42.38,59611.0,60762.5,45.36350545155317,17.46471919358157,27.898786257971615,-0.037196756791678776
NBC,business,2020Q3,66.36,26.77,39.59,59921.0,59766.0,44.41321152494729,17.916541177257972,26.496670347689324,0.005200382479743748
NBC,business,2020Q4,50.63,8.71,41.92,61395.0,60658.0,33.38718718058624,5.743677668238321,27.64350951234792,0.02459905542297358
NBC,business,2021Q1,3.67,-33.01,36.68,63641.0,62518.0,2.3481237403627757,-21.1203173486036,23.468441088966376,0.036582783614300896
NBC,business,2021Q2,7.95,-7.76,15.7,66724.0,65182.5,4.878610056380164,-4.762014344340889,9.634487784297933,0.04844361339388126
NBC,business,2021Q3,-31.26,-32.02,0.76,68058.0,67391.0,-18.554406374738466,-19.005505186152455,0.451098811413987,0.019992806186679424
NBC,business,2021Q4,-31.11,-32.23,1.12,71096.0,69577.0,-17.885220690745506,-18.529111631717377,0.643890940971873,0.04463839666167102
NBC,business,2022Q1,-13.13,-16.13,3.0,74323.0,72709.5,-7.22326518542969,-8.873668502740356,1.6504033173106678,0.04538933273320578
NBC,business,2022Q2,0.75,11.76,-11.01,77972.0,76147.5,0.39397222495814044,6.1774844873436425,-5.783512262385502,0.049096511174199
NBC,business,2022Q3,35.84,15.35,20.49,80227.0,79099.5,18.124008369205875,7.762375236253074,10.3616331329528,0.028920638177807323
NBC,business,2022Q4,11.14,20.86,-9.72,82685.0,81456.0,5.470438027892359,10.2435670791593,-4.773129051266942,0.030638064492003902
NBC,business,2023Q1,23.65,12.76,10.89,86572.0,84628.5,11.178267368557872,6.031065184896341,5.147202183661532,0.047009735744089065
NBC,business,2023Q2,39.39,12.78,26.61,88110.0,87341.0,18.039637741724963,5.852921308434755,12.186716433290206,0.017765559303238865
NBC,business,2023Q3,40.97,25.12,15.86,90584.0,89347.0,18.341970071742757,11.246040717651404,7.100406281128633,0.028078538190897673
NBC,business,2023Q4,33.77,18.51,15.26,93556.0,92070.0,14.671445639187578,8.041707396546107,6.629738242641468,0.03280932615031351
NBC,business,2024Q1,45.49,9.49,36.0,95109.0,94332.5,19.289216335833355,4.0240638168181695,15.265152519015185,0.016599683611954408
NBC,business,2024Q2,45.01,9.73,35.28,97227.0,96168.0,18.721404209300392,4.047084269195575,14.674319940104818,0.022269185881462317
NBC,business,2024Q3,33.45,-1.34,34.78,98781.0,98004.0,13.652503979429412,-0.5469164523896984,14.1953389657565,0.015983214539171176
NBC,business,2024Q4,113.74,24.37,89.37,99292.0,99036.5,45.938618590115766,9.842835722183235,36.095782867932535,0.005173059596481178
NBC,business,2025Q1,398.92,279.0,119.92,131083.0,115187.5,138.5289202387412,96.88551275094954,41.64340748779164,0.32017685211295976
NBC,business,2025Q2,91.23,34.11,57.12,131557.0,131320.0,27.78860798050564,10.389887298202863,17.39872068230277,0.0036160295385365693
NBC,business,2025Q3,98.84,7.4,91.44,135604.0,133580.5,29.597134312268633,2.215892289668028,27.381242022600606,0.03076233115683702
NBC,business,2025Q4,85.82,-9.76,95.58,135035.0,135319.5,25.36811028713526,-2.885023961808904,28.253134248944164,-0.00419604141470753
NBC,business,2026Q1,89.05,6.92,82.12,138379.0,136707.0,26.05572501773867,2.0247683000870476,24.02803075190005,0.024763950087014486
NBC,business,2026Q2,84.8,-15.25,100.05,142159.0,140269.0,24.182107236809273,-4.348786973600724,28.530894210409997,0.027316283540132602
NBC,consumer,2017Q4,43.980000000000004,8.67,35.3,14679.0,14679.0,119.84467606785203,23.62558757408543,96.19183868110906,
NBC,consumer,2018Q1,44.07,3.95,40.120000000000005,14777.0,14728.0,119.6903856599674,10.727865290602935,108.96252036936448,0.0066762041010968165
NBC,consumer,2018Q2,34.28,-3.91,38.19,14784.0,14780.5,92.77088055207875,-10.581509421196847,103.35238997327559,0.000473709142586376
NBC,consumer,2018Q3,41.980000000000004,0.96,41.019999999999996,14927.0,14855.5,113.0355760492747,2.5849012150382014,110.45067483423647,0.009672619047619069
NBC,consumer,2018Q4,40.16,-1.91,42.07,14402.0,14664.5,109.54345528316682,-5.209860547580892,114.75331583074772,-0.035171166342868654
NBC,consumer,2019Q1,42.18,1.09,41.09,14435.0,14418.5,117.01633318306342,3.023892915351805,113.99244026771163,0.002291348423830053
NBC,consumer,2019Q2,39.0,1.83,37.17,14414.0,14424.5,108.14932926617907,5.074699296336095,103.07462996984299,-0.0014547973675095305
NBC,consumer,2019Q3,48.32,6.73,41.59,14255.0,14334.5,134.83553664236632,18.779866755031566,116.05566988733476,-0.011030942139586553
NBC,consumer,2019Q4,47.2,3.77,43.42,14042.0,14148.5,133.44170760151255,10.658373679188605,122.75506237410326,-0.014942125569975429
NBC,consumer,2020Q1,147.22,105.01,42.21,13540.0,13791.0,427.0031179754913,304.57544775578276,122.4276702197085,-0.035749893177610015
NBC,consumer,2020Q2,45.379999999999995,17.25,28.119999999999997,13657.0,13598.5,133.48531087987644,50.74089053939773,82.71500533147038,0.00864106351550964
NBC,consumer,2020Q3,20.33,-9.0,29.33,13775.0,13716.0,59.28842228054826,-26.246719160104988,85.53514144065323,0.00864025774328181
NBC,consumer,2020Q4,9.82,-4.75,14.57,13551.0,13663.0,28.749176608358344,-13.906169948034838,42.65534655639318,-0.01626134301270421
NBC,consumer,2021Q1,0.37,-17.71,18.08,13851.0,13701.0,1.0802131231296985,-51.70425516385665,52.784468286986346,0.02213858755811371
NBC,consumer,2021Q2,-12.65,-27.06,14.41,14140.0,13995.5,-36.1544782251438,-77.33914472509021,41.18466649994641,0.02086491950039715
NBC,consumer,2021Q3,-7.82,-23.53,15.71,14394.0,14267.0,-21.92472138501437,-65.97042125183992,44.04569986682555,0.017963224893917884
NBC,consumer,2021Q4,11.78,-3.91,15.690000000000001,14188.0,14291.0,32.971800433839476,-10.943950738226855,43.915751172066344,-0.01431151868834235
NBC,consumer,2022Q1,9.65,-2.59,12.24,14666.0,14427.0,26.75538920080405,-7.180980106744299,33.93636930754835,0.03369044262757259
NBC,consumer,2022Q2,23.509999999999998,6.470000000000001,17.04,14985.0,14825.5,63.431250210785464,17.456409564601532,45.974840646183935,0.02175098868130365
NBC,consumer,2022Q3,28.130000000000003,8.69,19.45,15059.0,15022.0,74.90347490347492,23.139395553188656,51.790706963120755,0.004938271604938205
NBC,consumer,2022Q4,35.86,16.32,19.55,14880.0,14969.5,95.82150372423928,43.60867096429406,52.2395537593106,-0.011886579454147062
NBC,consumer,2023Q1,26.35,3.3899999999999997,22.96,15239.0,15059.5,69.98904346093828,9.004283010724127,60.984760450214154,0.024126344086021545
NBC,consumer,2023Q2,34.99,6.05,28.939999999999998,15545.0,15392.0,90.93035343035345,15.722453222453222,75.2079002079002,0.0200800577465714
NBC,consumer,2023Q3,40.61,9.719999999999999,30.89,16178.0,15861.5,102.41149954291838,24.512183589193956,77.89931595372443,0.04072048890318425
NBC,consumer,2023Q4,45.230000000000004,8.440000000000001,36.79,16149.0,16163.5,111.93120301914809,20.886565409719434,91.04463760942865,-0.0017925577945357984
NBC,consumer,2024Q1,45.81,2.04,43.769999999999996,16646.0,16397.5,111.74874218630889,4.976368348833664,106.77237383747521,0.030775899436497722
NBC,consumer,2024Q2,48.96,5.01,43.95,16910.0,16778.0,116.72428179759208,11.944212659434974,104.78006913815712,0.015859665985822335
NBC,consumer,2024Q3,59.07,10.44,48.629999999999995,17141.0,17025.5,138.78006519632316,24.527914011335934,114.25215118498721,0.013660555884092318
NBC,consumer,2024Q4,72.09,15.73,56.36,17127.0,17134.0,168.29695342593675,36.722306525037936,131.5746469008988,-0.0008167551484744573
NBC,consumer,2025Q1,71.31,24.92,46.39,17609.0,17368.0,164.23307231690467,57.3929064947029,106.84016582220175,0.028142698662929844
NBC,consumer,2025Q2,57.35,4.91,52.44,18190.0,17899.5,128.1600044693986,10.972373529986871,117.1876309394117,0.032994491453234076
NBC,consumer,2025Q3,58.730000000000004,-0.36,59.09,18688.0,18439.0,127.40387222734422,-0.7809534139595422,128.18482564130377,0.027377680043980224
NBC,consumer,2025Q4,64.92,5.53,59.39,18503.0,18595.5,139.6466887150117,11.895351025785809,127.75133768922588,-0.009899400684931559
NBC,consumer,2026Q1,85.9,21.38,64.52,18973.0,18738.0,183.37069057530155,45.639876187426616,137.73081438787491,0.025401286277900947
NBC,consumer,2026Q2,63.93,3.4299999999999997,60.510000000000005,19781.0,19377.0,131.97089332714043,7.080559426123754,124.91097693141354,0.04258683392188889
NBC,mortgage,2017Q4,1.02,0.33,0.7,65067.0,65067.0,0.6270459680022131,0.20286781317718658,0.4303256643152442,
NBC,mortgage,2018Q1,0.93,0.05,0.88,65441.0,65254.0,0.5700799950960861,0.030649462101940115,0.5394305329941459,0.0057479213733535595
NBC,mortgage,2018Q2,0.72,-0.09,0.81,66682.0,66061.5,0.4359574033287164,-0.05449467541608955,0.49045207874480595,0.018963646643541443
NBC,mortgage,2018Q3,1.02,0.04,0.98,67567.0,67124.5,0.6078257566164366,0.02383630418103673,0.5839894524353999,0.01327194745208593
NBC,mortgage,2018Q4,0.84,-0.09,0.93,67905.0,67736.0,0.4960434628557931,-0.0531475138774064,0.5491909767331995,0.0050024420205130316
NBC,mortgage,2019Q1,0.82,-0.09,0.91,68300.0,68102.5,0.4816269593627253,-0.052861495539811315,0.5344884549025366,0.005816950150946187
NBC,mortgage,2019Q2,1.0,0.17,0.83,69338.0,68819.0,0.5812348334035659,0.09880992167860621,0.4824249117249596,0.015197657393850594
NBC,mortgage,2019Q3,1.68,0.27,1.41,70387.0,69862.5,0.9618894256575417,0.15458937198067632,0.8073000536768653,0.015128789408405119
NBC,mortgage,2019Q4,1.8,0.23,1.58,71165.0,70776.0,1.0172939979654119,0.12998756640669154,0.8929580648807506,0.011053177433332895
NBC,mortgage,2020Q1,7.78,5.99,1.79,72416.0,71790.5,4.334835389083514,3.3374889435231685,0.9973464455603458,0.01757886601559755
NBC,mortgage,2020Q2,2.62,0.75,1.88,73702.0,73059.0,1.4344570826318457,0.4106270274709481,1.0293050821938434,0.017758506407423713
NBC,mortgage,2020Q3,2.67,0.0,2.67,76310.0,75006.0,1.4238860891128708,0.0,1.4238860891128708,0.035385742585004376
NBC,mortgage,2020Q4,0.18,-1.25,1.43,77997.0,77153.5,0.09332045856636445,-0.6480587400441975,0.7413791986105621,0.022107194338880864
NBC,mortgage,2021Q1,-0.37,-1.29,0.92,79724.0,78860.5,-0.18767316971107206,-0.6543199700737379,0.46664680036266576,0.022141877251689257
NBC,mortgage,2021Q2,-0.35,-0.94,0.59,82216.0,80970.0,-0.1729035445226627,-0.46436951957515127,0.29146597505248856,0.03125783954643513
NBC,mortgage,2021Q3,-0.18,-0.47,0.29,83751.0,82983.5,-0.08676423626383559,-0.22655106135557068,0.1397868250917351,0.01867033180889366
NBC,mortgage,2021Q4,0.22,-1.09,1.31,84881.0,84316.0,0.10436927747995636,-0.5171023293325111,0.6214716068124674,0.01349237621043331
NBC,mortgage,2022Q1,0.35,-1.41,1.76,86188.0,85534.5,0.16367664509642307,-0.6593830559598758,0.8230597010562989,0.015398027827193461
NBC,mortgage,2022Q2,5.49,2.53,2.96,88013.0,87100.5,2.521225480909983,1.1618762234430342,1.359349257466949,0.02117464148141268
NBC,mortgage,2022Q3,7.87,2.31,5.55,88839.0,88426.0,3.560038902585213,1.0449415330332708,2.5105738131318844,0.009384977219274449
NBC,mortgage,2022Q4,6.14,2.68,3.45,89024.0,88931.5,2.761676121509251,1.205422150756481,1.5517561269066642,0.002082418757527682
NBC,mortgage,2023Q1,3.65,0.61,3.04,89179.0,89101.5,1.6385807197409694,0.2738449969978059,1.3647357227431636,0.0017411035226455596
NBC,mortgage,2023Q2,6.01,0.95,5.06,90394.0,89786.5,2.6774626475026864,0.423226208839859,2.254236438662828,0.013624283743930654
NBC,mortgage,2023Q3,5.39,1.28,4.11,91052.0,90723.0,2.376464623083452,0.5643552351663856,1.8121093879170662,0.007279244197623713
NBC,mortgage,2023Q4,6.77,1.56,5.21,91302.0,91177.0,2.970047270693267,0.6843831229367054,2.2856641477565613,0.0027456837850898808
NBC,mortgage,2024Q1,7.19,0.96,6.23,92274.0,91788.0,3.133307186124548,0.4183553405673944,2.7149518455571533,0.010645988039692522
NBC,mortgage,2024Q2,4.04,-1.01,5.05,94255.0,93264.5,1.7327064424298635,-0.4331766106074659,2.165883053037329,0.021468669397663565
NBC,mortgage,2024Q3,5.93,-0.44,6.37,94963.0,94609.0,2.5071610523311736,-0.18602881332642773,2.6931898656576014,0.007511537849451022
NBC,mortgage,2024Q4,8.91,1.27,7.64,96039.0,95501.0,3.7318980953079026,0.5319316028104418,3.1999664924974605,0.011330728810168278
NBC,mortgage,2025Q1,11.69,5.08,6.61,104758.0,100398.5,4.657440101196731,2.0239346205371596,2.6335054806595717,0.09078603484001291
NBC,mortgage,2025Q2,7.65,1.09,6.56,108890.0,106824.0,2.8645248258818246,0.40814798172695277,2.456376844154872,0.039443288340747173
NBC,mortgage,2025Q3,7.27,-0.64,7.91,111749.0,110319.5,2.6359800397935085,-0.23205326347563215,2.8680333032691414,0.026255854532096556
NBC,mortgage,2025Q4,9.08,0.47,8.61,113586.0,112667.5,3.2236447955266603,0.16686267113408923,3.056782124392571,0.0164386258490008
NBC,mortgage,2026Q1,9.1,1.62,7.48,117147.0,115366.5,3.155162027104922,0.5616881850450521,2.59347384205987,0.031350694627859
NBC,mortgage,2026Q2,12.07,1.57,10.49,123526.0,120336.5,4.012082784525061,0.5218699230906666,3.4868888491854095,0.054452952273639
RY,business,2017Q4,35.41,-5.59,41.0,101683.0,101683.0,13.929565414081017,-2.198990981776698,16.128556395857714,
RY,business,2018Q1,3.6899999999999995,-25.31,29.0,107701.0,104692.0,1.4098498452603825,-9.670270889848316,11.0801207351087,0.05918393438431213
RY,business,2018Q2,41.55,29.55,12.0,119050.0,113375.5,14.659251778382453,10.425532853217847,4.233718925164608,0.10537506615537451
RY,business,2018Q3,39.629999999999995,11.63,28.0,123493.0,121271.5,13.071496600602778,3.836020829296249,9.23547577130653,0.03732045359092817
RY,business,2018Q4,83.69,37.69,46.0,132554.0,128023.5,26.14832433107984,11.77596300679172,14.37236132428812,0.07337257982233814
RY,business,2019Q1,107.68,-14.32,122.0,140023.0,136288.5,31.60354688766844,-4.202849103189191,35.80639599085763,0.056346847322600535
RY,business,2019Q2,78.22,5.22,73.0,146530.0,143276.5,21.837496030402754,1.4573220311774784,20.380173999225274,0.04647093691750648
RY,business,2019Q3,100.62,13.620000000000001,87.0,113649.0,130089.5,30.93869989507224,4.187886032308526,26.750813862763714,-0.22439773425237153
RY,business,2019Q4,43.66,25.66,18.0,115749.0,114699.0,15.225939197377482,8.948639482471512,6.277299714905971,0.018477945252487915
RY,business,2020Q1,740.39,650.39,90.0,122902.0,119325.5,248.1917109083976,218.02213273776349,30.169578170634107,0.06179751012967705
RY,business,2020Q2,107.69,23.689999999999998,84.0,113694.0,118298.0,36.41312617288543,8.010279125598066,28.40284704728736,-0.07492148215651495
RY,business,2020Q3,63.54,43.54,20.0,112025.0,112859.5,22.52003597393219,15.431576429099898,7.088459544832292,-0.014679754428553848
RY,business,2020Q4,23.869999999999997,-19.13,43.0,114695.0,113360.0,8.422724064925898,-6.750176429075512,15.172900494001412,0.023833965632671372
RY,business,2021Q1,-40.690000000000005,-77.69,37.0,113570.0,114132.5,-14.260618141195543,-27.228002540906402,12.967384399710863,-0.009808622869349137
RY,business,2021Q2,-153.18,-165.18,12.0,117088.0,115329.0,-53.12800769971126,-57.29001378664516,4.162006086933902,0.03097649027031779
RY,business,2021Q3,-50.62,-75.62,25.0,119753.0,118420.5,-17.098390903601995,-25.54287475563775,8.444483852035754,0.022760658649904286
RY,business,2021Q4,30.46,-12.540000000000001,43.0,123953.0,121853.0,9.998933140751562,-4.116435377052678,14.115368517804239,0.035072190258281566
RY,business,2022Q1,-135.68,-145.68,10.0,128551.0,126252.0,-42.98704178943701,-46.155308430757536,3.1682666413205336,0.03709470525118386
RY,business,2022Q2,44.31,27.310000000000002,17.0,136256.0,132403.5,13.386353079790187,8.250537183684722,5.135815896105465,0.05993730114896034
RY,business,2022Q3,74.95,23.95,51.0,139420.0,137838.0,21.7501704899955,6.9501879017397235,14.799982588255778,0.023220995772663233
RY,business,2022Q4,70.23,26.23,44.0,142871.0,141145.5,19.90286619127071,7.433464049509195,12.469402141761517,0.02475254626308998
RY,business,2023Q1,151.8,41.8,110.0,149686.0,146278.5,41.50985961710026,11.430251198911664,30.07960841818859,0.047700373063812807
RY,business,2023Q2,128.9,55.9,73.0,151297.0,150491.5,34.26107122329169,14.857982012273117,19.40308921101856,0.01076252956188295
RY,business,2023Q3,136.51,63.51,73.0,157156.0,154226.5,35.40506981614703,16.471877401095142,18.933192415051888,0.03872515648030039
RY,business,2023Q4,169.94,5.9399999999999995,164.0,161382.0,159269.0,42.679994223609114,1.491815733130741,41.18817849047838,0.026890478250909844
RY,business,2024Q1,261.23,78.22999999999999,183.0,205444.0,183413.0,56.97087992672276,17.06094987814386,39.90993004857889,0.27302921019692405
RY,business,2024Q2,232.34,7.34,225.0,204171.0,204807.5,45.37724448567557,1.4335412521514104,43.94370323352416,-0.006196335741126546
RY,business,2024Q3,289.72,48.72,241.0,204944.0,204557.5,56.653019322195476,9.526905637779109,47.12611368441636,0.0037860420921678184
RY,business,2024Q4,299.40000000000003,-8.6,308.0,205130.0,205037.0,58.40897008832553,-1.6777459678009334,60.086716056126455,0.000907564993364085
RY,business,2025Q1,463.89,162.89,301.0,207041.0,206085.5,90.03835786603133,31.616004037159332,58.422353828872,0.009316043484619563
RY,business,2025Q2,272.06,-16.939999999999998,289.0,211120.0,209080.5,52.048851997197254,-3.2408569904893088,55.28970898768656,0.01970141179766327
RY,business,2025Q3,355.6,-3.3999999999999995,359.0,211301.0,211210.5,67.34513672378978,-0.6439073814985523,67.98904410528833,0.0008573323228495688
RY,business,2025Q4,286.37,7.37,279.0,211938.0,211619.5,54.12922722149897,1.3930663289536174,52.73616089254534,0.0030146568165791976
RY,business,2026Q1,265.11999999999995,10.12,255.0,215406.0,213672.0,49.63121045340521,1.894492493167097,47.736717960238124,0.016363276052430376
RY,business,2026Q2,248.08,-8.92,257.0,216654.0,216030.0,45.93436096838402,-1.6516224598435403,47.585983428227564,0.0057937104816021545
RY,consumer,2017Q4,230.88,16.880000000000003,214.0,58538.0,58538.0,157.764187365472,11.534387918958625,146.22979944651337,
RY,consumer,2018Q1,240.90999999999997,21.91,219.0,59222.0,58880.0,163.6616847826087,14.884510869565219,148.7771739130435,0.011684717619324214
RY,consumer,2018Q2,260.8,36.8,224.0,60304.0,59763.0,174.5561635125412,24.630624299315627,149.92553921322556,0.018270237411772694
RY,consumer,2018Q3,254.78,21.78,233.0,60762.0,60533.0,168.35775527398278,14.39214973650736,153.96560553747543,0.007594852746086511
RY,consumer,2018Q4,258.73,27.73,231.0,59848.0,60305.0,171.6142940054722,18.393168062349723,153.22112594312244,-0.01504229617194952
RY,consumer,2019Q1,260.27,25.270000000000003,235.0,60727.0,60287.5,172.68588015757828,16.766328011611034,155.91955214596723,0.014687207592567919
RY,consumer,2019Q2,260.5,19.5,241.0,61734.0,61230.5,170.17662766105127,12.738749479426104,157.43787818162517,0.016582409801241704
RY,consumer,2019Q3,302.76,39.76,263.0,62275.0,62004.5,195.3148561797934,25.649751227733468,169.66510495205992,0.008763404282891019
RY,consumer,2019Q4,288.61,28.61,260.0,61596.0,61935.5,186.39390979325265,18.477286854873213,167.91662293837945,-0.010903251706142147
RY,consumer,2020Q1,872.5999999999999,602.5999999999999,270.0,58128.0,59862.0,583.0744044635995,402.6594500684908,180.41495439510874,-0.05630235729592836
RY,consumer,2020Q2,394.58000000000004,208.57999999999998,186.0,58674.0,58401.0,270.2556463074263,142.8605674560367,127.39507885138953,0.009393063583815087
RY,consumer,2020Q3,182.39,49.39,133.0,59803.0,59238.5,123.15639322400128,33.34993289836846,89.80646032563283,0.01924191294270039
RY,consumer,2020Q4,95.96000000000001,-51.04,147.0,57951.0,58877.0,65.19353907298266,-34.67567980705538,99.86921888003805,-0.0309683460695952
RY,consumer,2021Q1,64.63,-84.37,149.0,58320.0,58135.5,44.46852611571243,-58.05058871085653,102.51911482656897,0.00636744836154679
RY,consumer,2021Q2,-124.12,-250.12,126.0,59319.0,58819.5,-84.40738190566054,-170.09325138772007,85.68586948205953,0.017129629629629717
RY,consumer,2021Q3,-58.26,-172.26,114.0,60143.0,59731.0,-39.01491687733338,-115.35718471145636,76.34226783412299,0.013890996139516831
RY,consumer,2021Q4,79.25,-48.75,128.0,59530.0,59836.5,52.977697559182104,-32.58880449224136,85.56650205142347,-0.010192374839964713
RY,consumer,2022Q1,-20.310000000000002,-158.31,138.0,60974.0,60252.0,-13.483369846644095,-105.09858593905597,91.61521609241187,0.024256677305560137
RY,consumer,2022Q2,259.03999999999996,111.03999999999999,148.0,61630.0,61302.0,169.02548040846952,72.45440605526736,96.57107435320218,0.010758684029258392
RY,consumer,2022Q3,240.17000000000002,66.17,174.0,62983.0,62306.5,154.1861603524512,42.48031906783401,111.70584128461718,0.021953594028881973
RY,consumer,2022Q4,304.85,105.85,199.0,62207.0,62595.0,194.8078920041537,67.64118539819474,127.16670660595895,-0.01232078497372302
RY,consumer,2023Q1,282.97,74.97,208.0,63861.0,63034.0,179.56658311387505,47.57432496747787,131.99225814639718,0.026588647579854463
RY,consumer,2023Q2,224.24,-0.76,225.0,66076.0,64968.5,138.0607525185282,-0.467919068471644,138.52867158699985,0.0346847058455082
RY,consumer,2023Q3,311.29999999999995,50.3,261.0,67346.0,66711.0,186.6558738438938,30.159943637481074,156.49593020641274,0.019220291785217114
RY,consumer,2023Q4,398.7,104.7,294.0,67581.0,67463.5,236.39449480089232,62.07801255493712,174.31648224595523,0.003489442580108637
RY,consumer,2024Q1,405.63,81.63,324.0,70995.0,69288.0,234.17041912019397,47.1250432975407,187.04537582265326,0.05051715718915073
RY,consumer,2024Q2,338.96000000000004,23.96,315.0,72343.0,71669.0,189.18081736873688,13.372587869232165,175.80822949950468,0.018987252623424267
RY,consumer,2024Q3,468.35,103.35,365.0,74146.0,73244.5,255.77347104560752,56.4410979664002,199.3323730792073,0.024922936566081022
RY,consumer,2024Q4,458.11,77.11,381.0,74603.0,74374.5,246.3801437320587,41.471203167752385,204.9089405643063,0.006163515226714766
RY,consumer,2025Q1,593.12,223.12,370.0,75812.0,75207.5,315.4578998105242,118.66901572316591,196.78888408735833,0.01620578260927852
RY,consumer,2025Q2,406.28999999999996,5.29,401.0,76980.0,76396.0,212.72841510026703,2.7697785224357294,209.9586365778313,0.01540653194744901
RY,consumer,2025Q3,456.55,18.549999999999997,438.0,78015.0,77497.5,235.64631117132814,9.574502403303331,226.0718087680248,0.013445050662509672
RY,consumer,2025Q4,446.07,11.07,435.0,78221.0,78118.0,228.40830538416242,5.668347883970403,222.73995750019202,0.0026405178491315517
RY,consumer,2026Q1,437.99,-3.01,441.0,80222.0,79221.5,221.14703710482635,-1.5197894510959777,222.66682655592234,0.025581365617928675
RY,consumer,2026Q2,474.53999999999996,34.54,440.0,82539.0,81380.5,233.24506484968754,16.977039954288806,216.26802489539878,0.028882351474657897
RY,mortgage,2017Q4,17.17,1.17,16.0,298304.0,298304.0,2.302349281270114,0.15688693413430593,2.145462347135808,
RY,mortgage,2018Q1,15.5,1.5,14.0,298447.0,298375.5,2.077918595863266,0.20108889637386448,1.8768296994894018,0.000479376743188098
RY,mortgage,2018Q2,20.700000000000003,2.7,18.0,302536.0,300491.5,2.755485596098392,0.359411164708486,2.396074431389906,0.013700925122383634
RY,mortgage,2018Q3,21.669999999999998,1.67,20.0,305974.0,304255.0,2.848926065307061,0.21955267785245927,2.629373387454602,0.011363936853795886
RY,mortgage,2018Q4,18.08,2.08,16.0,308506.0,307240.0,2.3538601744564507,0.27079807316755633,2.0830621012888946,0.008275212926588615
RY,mortgage,2019Q1,10.73,1.73,9.0,311431.0,309968.5,1.384656828032526,0.2232484913789627,1.1614083366535632,0.009481177027351073
RY,mortgage,2019Q2,13.18,1.18,12.0,319330.0,315380.5,1.6716315688509593,0.14966048947224067,1.5219710793787187,0.025363563678631795
RY,mortgage,2019Q3,20.25,2.25,18.0,326656.0,322993.0,2.507794286563486,0.2786438096181651,2.2291504769453208,0.0229417843610058
RY,mortgage,2019Q4,17.58,1.58,16.0,330973.0,328814.5,2.1385918200079375,0.1922056357003721,1.9463861843075654,0.01321573765673989
RY,mortgage,2020Q1,52.14,36.14,16.0,336549.0,333761.0,6.248782811652649,4.331243015211484,1.917539796441166,0.016847295700857856
RY,mortgage,2020Q2,22.78,12.780000000000001,10.0,344662.0,340605.5,2.675235719916443,1.5008565627977235,1.1743791571187194,0.02410644512388993
RY,mortgage,2020Q3,13.03,3.0300000000000002,10.0,356322.0,350492.0,1.4870524862193715,0.3457996188215423,1.1412528673978293,0.03383024528378531
RY,mortgage,2020Q4,16.12,-3.88,20.0,364779.0,360550.5,1.7883763855548669,-0.43045287692015405,2.2188292624750208,0.02373415057167394
RY,mortgage,2021Q1,-2.17,-6.17,4.0,370273.0,367526.0,-0.23617376729809592,-0.6715171171563373,0.43534334985824136,0.015061174025917001
RY,mortgage,2021Q2,-12.469999999999999,-18.47,6.0,381061.0,375667.0,-1.3277716701227416,-1.9666353446004041,0.6388636744776625,0.02913525965976449
RY,mortgage,2021Q3,-10.28,-10.28,0.0,389493.0,385277.0,-1.0672840579634912,-1.0672840579634912,0.0,0.022127690842148606
RY,mortgage,2021Q4,2.49,-1.5099999999999998,4.0,397307.0,393400.0,0.2531774275546518,-0.1535332994407727,0.4067107269954245,0.020061978007307024
RY,mortgage,2022Q1,-5.4399999999999995,-3.44,-2.0,404129.0,400718.0,-0.5430252696409944,-0.34338362639062886,-0.1996416432503656,0.01717060107171542
RY,mortgage,2022Q2,5.89,1.8900000000000001,4.0,414591.0,409360.0,0.5755325385968341,0.18467852257181944,0.3908540160250147,0.025887773458474816
RY,mortgage,2022Q3,20.93,2.9299999999999997,18.0,420014.0,417302.5,2.006218510552896,0.280851420731963,1.7253670898209332,0.013080361126990292
RY,mortgage,2022Q4,22.11,6.109999999999999,16.0,421996.0,421005.0,2.1006876402893075,0.5805156708352632,1.5201719694540445,0.004718890322703562
RY,mortgage,2023Q1,18.240000000000002,5.24,13.0,423356.0,422676.0,1.7261448485364679,0.4958881034172747,1.230256745119193,0.0032227793628376578
RY,mortgage,2023Q2,17.94,-0.06,18.0,428953.0,426154.5,1.6838963333720518,-0.0056317603122811085,1.6895280936843327,0.013220551970445582
RY,mortgage,2023Q3,37.510000000000005,4.51,33.0,432104.0,430528.5,3.485018994096791,0.4190198790556258,3.0659991150411643,0.007345793128850975
RY,mortgage,2023Q4,52.12,11.120000000000001,41.0,432791.0,432447.5,4.820932020649905,1.0285641609675165,3.7923678596823893,0.001589895025271737
RY,mortgage,2024Q1,42.24,9.24,33.0,470091.0,451441.0,3.742681767938668,0.8187116367365835,2.923970131202084,0.08618478665221785
RY,mortgage,2024Q2,46.010000000000005,3.0100000000000002,43.0,474697.0,472394.0,3.8959004559753088,0.25487199244698283,3.641028463528326,0.00979810292049832
RY,mortgage,2024Q3,15.790000000000001,9.79,6.0,478641.0,476669.0,1.325028478881572,0.8215344400412025,0.5034940388403694,0.008308457816249115
RY,mortgage,2024Q4,56.29,7.29,49.0,480438.0,479539.5,4.6953379231533585,0.6080833799926805,4.087254543160678,0.003754379587206369
RY,mortgage,2025Q1,52.27,20.27,32.0,482731.0,481584.5,4.3415018548146795,1.683609003196739,2.65789285161794,0.004772728218833677
RY,mortgage,2025Q2,33.42,0.42,33.0,489103.0,485917.0,2.7510871198167592,0.03457380581457327,2.7165133140021855,0.013199898079883088
RY,mortgage,2025Q3,57.980000000000004,1.98,56.0,493009.0,491056.0,4.722882929849142,0.16128506728356848,4.561597862565573,0.007986047928554951
RY,mortgage,2025Q4,76.32,1.32,75.0,495835.0,494422.0,6.174482527072015,0.10679136446193738,6.067691162610078,0.005732146877643229
RY,mortgage,2026Q1,44.629999999999995,-0.37,45.0,500047.0,497941.0,3.5851637041336217,-0.029722396830146543,3.6148861009637687,0.008494761362146663
RY,mortgage,2026Q2,43.230000000000004,4.2299999999999995,39.0,512975.0,506511.0,3.4139436261009144,0.3340500008884308,3.0798936252124833,0.025853569764442197
TD,business,2017Q4,16.67,6.67,10.0,105671.0,105671.0,6.310151318715636,2.5248175942311515,3.785333724484485,
TD,business,2018Q1,15.0,0.0,15.0,107162.0,106416.5,5.638223395807981,0.0,5.638223395807981,0.01410983145801592
TD,business,2018Q2,14.47,4.47,10.0,109451.0,108306.5,5.344092921477474,1.6508704463721011,3.6932224751053724,0.02136018364718839
TD,business,2018Q3,14.74,4.74,10.0,104501.0,106976.0,5.5115166018546216,1.7723601555489081,3.7391564463057136,-0.04522571744433579
TD,business,2018Q4,27.92,11.92,16.0,103906.0,104203.5,10.717490295431537,4.575662045900569,6.141828249530966,-0.005693725418895568
TD,business,2019Q1,31.52,4.52,27.0,108613.0,106259.5,11.865292044476023,1.7014949251596325,10.16379711931639,0.045300560121648514
TD,business,2019Q2,55.0,6.0,49.0,110391.0,109502.0,20.090957242790086,2.1917407901225547,17.89921645266753,0.01637004778433515
TD,business,2019Q3,74.07,18.07,56.0,112600.0,111495.5,26.573269773219543,6.482772847334646,20.090496925884903,0.020010689277205618
TD,business,2019Q4,57.26,15.26,42.0,115030.0,113815.0,20.123885252383253,5.363089223740281,14.760796028642973,0.021580817051509715
TD,business,2020Q1,355.46,255.46,100.0,127116.0,121073.0,117.4365878436976,84.39866857185335,33.03791927184426,0.105068243067026
TD,business,2020Q2,296.15,196.15,100.0,115154.0,121135.0,97.79171998183844,64.7707103644694,33.02100961736905,-0.09410302400956605
TD,business,2020Q3,50.61,12.61,38.0,115472.0,115313.0,17.55569623546348,4.374181575364442,13.181514660099035,0.0027615193566876695
TD,business,2020Q4,10.42,-13.58,24.0,114844.0,115158.0,3.6193751194011705,-4.716997516455653,8.336372635856822,-0.005438547873077404
TD,business,2021Q1,-35.71,-82.71,47.0,118136.0,116490.0,-12.26199673791742,-28.40072109193922,16.138724354021804,0.028664971613667323
TD,business,2021Q2,-8.9,-26.9,18.0,122825.0,120480.5,-2.954835014794926,-8.9309058312341,5.976070816439174,0.039691541951649034
TD,business,2021Q3,-18.68,-31.68,13.0,122102.0,122463.5,-6.101409807820289,-10.347572950307642,4.246163142487354,-0.005886423773661664
TD,business,2021Q4,-16.3,-35.3,19.0,127949.0,125025.5,-5.214936153024783,-11.293696085998455,6.078759932973673,0.047886193510343844
TD,business,2022Q1,-10.88,-31.88,21.0,129455.0,128702.0,-3.381454833646719,-9.90815993535454,6.526705101707821,0.011770314734777187
TD,business,2022Q2,24.17,11.17,13.0,136291.0,132873.0,7.276120807086467,3.3626094089845187,3.9135113981019467,0.052805994360974884
TD,business,2022Q3,55.09,11.09,44.0,144400.0,140345.5,15.701251554200171,3.1607710970426552,12.540480457157516,0.05949769243750502
TD,business,2022Q4,71.32,30.32,41.0,146406.0,145403.0,19.619952820780863,8.340955826220917,11.278996994559948,0.013891966759002727
TD,business,2023Q1,46.85,0.85,46.0,148942.0,147674.0,12.690114712136191,0.23023687311239624,12.459877839023795,0.0173216944660739
TD,business,2023Q2,96.1,26.1,70.0,154176.0,151559.0,25.363059930456124,6.888406495160301,18.474653435295824,0.03514119590176046
TD,business,2023Q3,71.91,29.91,42.0,156217.0,155196.5,18.533923123266312,7.708936735042349,10.82498638822396,0.013238117476131128
TD,business,2023Q4,93.63,15.63,78.0,158224.0,157220.5,23.821321010936867,3.976580662190999,19.844740348745873,0.012847513394828924
TD,business,2024Q1,142.18,27.18,115.0,158643.0,158433.5,35.896448667737566,6.862185080806774,29.034263586930795,0.002648144402871866
TD,business,2024Q2,136.68,30.68,106.0,161357.0,160000.0,34.17,7.67,26.5,0.017107593779744468
TD,business,2024Q3,138.7,-7.3,146.0,163958.0,162657.5,34.10847947374083,-1.7951831301968861,35.903662603937725,0.016119536183741623
TD,business,2024Q4,130.23,22.23,108.0,165158.0,164558.0,31.655708017841732,5.403565915968837,26.2521421018729,0.0073189475353443445
TD,business,2025Q1,168.77,65.77,103.0,160325.0,162741.5,41.48173637332825,16.16551402070154,25.316222352626713,-0.02926288765909013
TD,business,2025Q2,93.45,39.45,54.0,165184.0,162754.5,22.96710690027004,9.695584453886068,13.27152244638397,0.030307188523311934
TD,business,2025Q3,93.97,14.97,79.0,167458.0,166321.0,22.599671719145505,3.6002669536618948,18.99940476548361,0.013766466485858109
TD,business,2025Q4,49.1,5.1,44.0,172417.0,169937.5,11.557190143435088,1.2004413387274733,10.356748804707612,0.02961339559770204
TD,business,2026Q1,106.74,16.74,90.0,175714.0,174065.5,24.5286975305273,3.846827774602089,20.681869755925213,0.019122244326255533
TD,business,2026Q2,82.33,22.33,60.0,182267.0,178990.5,18.398741832667096,4.9902089775714344,13.408532855095663,0.03729355657488864
TD,consumer,2017Q4,249.68,24.68,225.0,58115.0,58115.0,171.852361696636,16.987008517594425,154.86535317904156,
TD,consumer,2018Q1,202.0,0.0,202.0,58741.0,58428.0,138.28986102553569,0.0,138.28986102553569,0.010771745676675604
TD,consumer,2018Q2,222.13,16.13,206.0,59922.0,59331.5,149.75518906483066,10.874493312995625,138.88069575183502,0.020105207606271547
TD,consumer,2018Q3,238.7,17.7,221.0,60832.0,60377.0,158.13968895440317,11.726319625022773,146.4133693293804,0.015186408998364431
TD,consumer,2018Q4,281.51,41.51,240.0,60221.0,60526.5,186.04082509314102,27.43261216161516,158.60821293152586,-0.010044055760126236
TD,consumer,2019Q1,239.87,15.87,224.0,61203.0,60712.0,158.03794966398735,10.455923046514691,147.58202661747265,0.016306604008568426
TD,consumer,2019Q2,254.10000000000002,21.1,233.0,62229.0,61716.0,164.689869725841,13.675546049646771,151.01432367619418,0.0167638841233273
TD,consumer,2019Q3,317.58000000000004,60.58,257.0,62578.0,62403.5,203.56550513993608,38.831155303789046,164.73434983614703,0.005608317665397156
TD,consumer,2019Q4,326.87,48.87,278.0,62618.0,62598.0,208.86929294865652,31.227834755103995,177.64145819355252,0.0006392022755601356
TD,consumer,2020Q1,890.9300000000001,594.9300000000001,296.0,59555.0,61086.5,583.3891285308538,389.56561597079553,193.82351256005828,-0.048915647257976924
TD,consumer,2020Q2,671.46,421.46,250.0,60279.0,59917.0,448.26009312882826,281.362551529616,166.89754159921222,0.01215682982117361
TD,consumer,2020Q3,179.11,26.11,153.0,61179.0,60729.0,117.97329117884372,17.197714436266036,100.77557674257768,0.014930572836311162
TD,consumer,2020Q4,126.9,-29.1,156.0,61102.0,61140.5,83.02189219911516,-19.038117123674162,102.06000932278931,-0.0012586018078099004
TD,consumer,2021Q1,-29.66,-172.66,143.0,60760.0,60931.0,-19.471205133675795,-113.34788531289492,93.87668017921912,-0.005597198127720859
TD,consumer,2021Q2,71.82,-60.18000000000001,132.0,61411.0,61085.5,47.02916404056609,-39.40706059539499,86.43622463596108,0.010714285714285676
TD,consumer,2021Q3,46.86,-72.14,119.0,61986.0,61698.5,30.379993030624732,-46.769370406087674,77.1493634367124,0.009363143410789698
TD,consumer,2021Q4,49.230000000000004,-75.77,125.0,61770.0,61878.0,31.823911567923982,-48.98025146255535,80.80416303047932,-0.0034846578259607464
TD,consumer,2022Q1,68.37,-71.63,140.0,62039.0,61904.5,44.17772536729964,-46.28419581775153,90.46192118505117,0.004354864821110471
TD,consumer,2022Q2,157.25,25.25,132.0,62020.0,62029.5,101.40336452816804,16.282575226303614,85.12078930186443,-0.00030625896613423187
TD,consumer,2022Q3,186.16,26.16,160.0,63010.0,62515.0,119.11381268495562,16.73838278813085,102.37542989682476,0.01596259271202838
TD,consumer,2022Q4,253.82,74.82,179.0,62278.0,62644.0,162.07138752314668,47.774727028925355,114.29666049422131,-0.011617203618473293
TD,consumer,2023Q1,191.12,2.12,189.0,63223.0,62750.5,121.82851132660298,1.3513836543135114,120.47712767228946,0.015173897684575666
TD,consumer,2023Q2,266.35,66.35,200.0,65371.0,64297.0,165.69979936855532,41.27719800301725,124.42260136553804,0.0339749774607343
TD,consumer,2023Q3,303.34,77.34,226.0,66188.0,65779.5,184.45868393648476,47.02984972521834,137.42883421126643,0.012497896620825788
TD,consumer,2023Q4,318.26,41.26,277.0,66581.0,66384.5,191.76765660658737,24.861225135385517,166.90643147120187,0.00593763219919019
TD,consumer,2024Q1,338.99,65.99000000000001,273.0,67875.0,67228.0,201.69572202058666,39.26340215386447,162.4323198667222,0.019434973941514944
TD,consumer,2024Q2,348.86,72.86,276.0,68847.0,68361.0,204.12808472667163,42.63249513611562,161.495589590556,0.014320441988950217
TD,consumer,2024Q3,299.62,-16.38,316.0,70232.0,69539.5,172.34521387125304,-9.421983189410334,181.76719706066334,0.02011707118683459
TD,consumer,2024Q4,383.69,46.69,337.0,70657.0,70444.5,217.8679669810986,26.51165101604809,191.3563159650505,0.006051372593689486
TD,consumer,2025Q1,453.02,126.02,327.0,71355.0,71006.0,255.20096893220293,70.99118384361886,184.20978508858408,0.009878709823513576
TD,consumer,2025Q2,378.05,74.05,304.0,73249.0,72302.0,209.15050759315093,40.9670548532544,168.18345273989655,0.026543339639829133
TD,consumer,2025Q3,385.34000000000003,30.34,355.0,74993.0,74121.0,207.95186249510937,16.373227560340524,191.57863493476881,0.023809198760392558
TD,consumer,2025Q4,375.65,10.65,365.0,75568.0,75280.5,199.60016206056017,5.658835953533783,193.94132610702638,0.007667382289013647
TD,consumer,2026Q1,403.29999999999995,34.300000000000004,369.0,76015.0,75791.5,212.84708707440808,18.102293792839568,194.74479328156852,0.005915202201990155
TD,consumer,2026Q2,421.37,43.37,378.0,77880.0,76947.5,219.04285389388872,22.54524188570129,196.4976120081874,0.024534631322765232
TD,mortgage,2017Q4,2.64,0.64,2.0,266854.0,266854.0,0.3957220052912829,0.0959326073433413,0.29978939794794157,
TD,mortgage,2018Q1,2.0,0.0,2.0,269416.0,268135.0,0.2983571708281276,0.0,0.2983571708281276,0.00960075546928274
TD,mortgage,2018Q2,8.4,0.4,8.0,274829.0,272122.5,1.2347380315850398,0.05879704912309714,1.1759409824619427,0.02009160554681233
TD,mortgage,2018Q3,14.56,0.56,14.0,279988.0,277408.5,2.099430983549531,0.0807473455211358,2.018683638028395,0.018771672567305497
TD,mortgage,2018Q4,9.58,1.58,8.0,280955.0,280471.5,1.3662707262591745,0.22533483794253606,1.1409358883166383,0.0034537194451191855
TD,mortgage,2019Q1,5.62,0.62,5.0,282884.0,281919.5,0.7973907445210423,0.08796837395071998,0.7094223705703223,0.00686586819953372
TD,mortgage,2019Q2,12.89,0.89,12.0,288193.0,285538.5,1.8057109636703983,0.12467670734419352,1.6810342563262046,0.01876740996309434
TD,mortgage,2019Q3,14.350000000000001,2.3499999999999996,12.0,292005.0,290099.0,1.9786348798168902,0.3240273148132189,1.6546075650036713,0.013227247018491095
TD,mortgage,2019Q4,10.870000000000001,1.8699999999999999,9.0,293272.0,292638.5,1.4857921975406518,0.2556054654462758,1.2301867320943758,0.004338966798513644
TD,mortgage,2020Q1,35.61,24.61,11.0,296824.0,295048.0,4.827689053984436,3.3364062796561913,1.4912827743282449,0.012111623339425615
TD,mortgage,2020Q2,51.4,23.4,28.0,300230.0,298527.0,6.8871492360824975,3.1353947884110984,3.7517544476714,0.011474813357410518
TD,mortgage,2020Q3,-2.72,1.28,-4.0,308077.0,304153.5,-0.35771411474798087,0.1683360539990498,-0.5260501687470307,0.026136628584751742
TD,mortgage,2020Q4,-4.32,-1.32,-3.0,312184.0,310130.5,-0.5571847980124496,-0.17025091050380403,-0.3869338875086456,0.013331082813712092
TD,mortgage,2021Q1,-4.62,-7.619999999999999,3.0,319454.0,315819.0,-0.5851452889154865,-0.9651097622372307,0.37996447332174443,0.02328754836891056
TD,mortgage,2021Q2,5.07,-0.9299999999999999,6.0,327639.0,323546.5,0.6268032570279697,-0.11497574537199444,0.7417790023999642,0.0256218422683705
TD,mortgage,2021Q3,-4.18,-1.1800000000000002,-3.0,333608.0,330623.5,-0.5057111790299238,-0.14276057207064835,-0.36295060695927545,0.01821822188445199
TD,mortgage,2021Q4,3.08,-2.92,6.0,339631.0,336619.5,0.36599186915790677,-0.3469793045263272,0.712971173684234,0.018054123402316602
TD,mortgage,2022Q1,-1.49,-2.49,1.0,347914.0,343772.5,-0.17337047029648966,-0.2897264906297043,0.11635602033321456,0.02438823311181837
TD,mortgage,2022Q2,-2.41,0.5900000000000001,-3.0,357449.0,352681.5,-0.2733344391469357,0.0669159000401212,-0.3402503391870569,0.027406198083434363
TD,mortgage,2022Q3,4.75,0.75,4.0,359552.0,358500.5,0.5299853138280142,0.08368189165705488,0.44630342217095936,0.005883356786562599
TD,mortgage,2022Q4,1.8499999999999999,0.85,1.0,359121.0,359336.5,0.2059351053956389,0.09461883220880705,0.11131627318683185,-0.0011987139551441484
TD,mortgage,2023Q1,5.029999999999999,0.03,5.0,363423.0,361272.0,0.5569211009986934,0.0033215970238490667,0.5535995039748445,0.01197924933379002
TD,mortgage,2023Q2,7.550000000000001,1.5499999999999998,6.0,374367.0,368895.0,0.8186611366377967,0.16806950487266023,0.6505916317651365,0.030113669195400483
TD,mortgage,2023Q3,6.75,1.75,5.0,381351.0,377859.0,0.7145522536184131,0.18525428797514415,0.529297965643269,0.01865549046790993
TD,mortgage,2023Q4,9.11,1.1099999999999999,8.0,384230.0,382790.5,0.9519567491878715,0.11599033936317646,0.8359664098246953,0.007549475417659934
TD,mortgage,2024Q1,9.82,1.82,8.0,387967.0,386098.5,1.0173569697887974,0.1885529210810195,0.8288040487077779,0.009725945397287994
TD,mortgage,2024Q2,-5.55,1.45,-7.0,392523.0,390245.0,-0.5688734000435623,0.14862458199336315,-0.7174979820369255,0.011743266824240095
TD,mortgage,2024Q3,6.67,-0.33,7.0,396105.0,394314.0,0.6766181266706229,-0.03347585934052557,0.7100939860111485,0.00912557990232421
TD,mortgage,2024Q4,14.08,1.08,13.0,397046.0,396575.5,1.4201583305070535,0.10893259921502968,1.311225731292024,0.0023756327236466035
TD,mortgage,2025Q1,4.199999999999999,2.2,2.0,398592.0,397819.0,0.42230260495350896,0.22120612640421902,0.20109647854929003,0.0038937553835072247
TD,mortgage,2025Q2,5.5,1.5,4.0,407181.0,402886.5,0.5460594981465003,0.14892531767631825,0.397134180470182,0.02154835019267831
TD,mortgage,2025Q3,11.690000000000001,0.69,11.0,415396.0,411288.5,1.1369148420147903,0.06710617972542388,1.0698086622893663,0.020175302875134138
TD,mortgage,2025Q4,14.24,0.24000000000000002,14.0,418361.0,416878.5,1.3663453500240477,0.02302829241613564,1.343317057607912,0.007137767335265721
TD,mortgage,2026Q1,10.959999999999999,0.96,10.0,418259.0,418310.0,1.0480265831560325,0.0917979488895795,0.9562286342664531,-0.00024380857680328383
TD,mortgage,2026Q2,10.309999999999999,1.31,9.0,422214.0,420236.5,0.9813521671725326,0.12469169146421123,0.8566604757083214,0.00945586347215488
