quarter,unemp,gdp,hpi,policy_rate,goc_5y,d_unemp,gdp_yoy,hpi_yoy,d_unemp_l1,hpi_yoy_l2,rate_l2
1961Q1,,363923.0,,,,,,,,,
1961Q2,,373138.0,,,,,,,,,
1961Q3,,382218.0,,,,,,,,,
1961Q4,,387418.0,,,,,,,,,
1962Q1,,397727.0,,,,,9.288778120646391,,,,
1962Q2,,400888.0,,,,,7.436926820640077,,,,
1962Q3,,406015.0,,,,,6.2260280782171495,,,,
1962Q4,,413982.0,,,,,6.85667676772892,,,,
1963Q1,,416607.0,,,,,4.746974683639782,,,,
1963Q2,,422666.0,,,,,5.432439983237214,,,,
1963Q3,,425878.0,,,,,4.892183786313309,,,,
1963Q4,,439206.0,,,,,6.093018537037853,,,,
1964Q1,,450201.0,,,,,8.063714723948468,,,,
1964Q2,,451887.0,,,,,6.913496708985356,,,,
1964Q3,,456710.0,,,,,7.239632007288477,,,,
1964Q4,,459001.0,,,,,4.5069967168025915,,,,
1965Q1,,473602.0,,,,,5.197900493335195,,,,
1965Q2,,477938.0,,,,,5.764936809423604,,,,
1965Q3,,484608.0,,,,,6.108471458912668,,,,
1965Q4,,496485.0,,,,,8.166431009954223,,,,
1966Q1,,506146.0,,,,,6.871592603071774,,,,
1966Q2,,517072.0,,,,,8.18809134239169,,,,
1966Q3,,516825.0,,,,,6.648053684627575,,,,
1966Q4,,523230.0,,,,,5.3868696939484595,,,,
1967Q1,,522051.0,,,,,3.1423739395352257,,,,
1967Q2,,532927.0,,,,,3.066304112386664,,,,
1967Q3,,534607.0,,,,,3.4406230348764,,,,
1967Q4,,536936.0,,,,,2.619498117462693,,,,
1968Q1,,541513.0,,,,,3.727988261683235,,,,
1968Q2,,556071.0,,,,,4.342808677361054,,,,
1968Q3,,563816.0,,,,,5.4636396455714165,,,,
1968Q4,,571623.0,,,,,6.460174024464749,,,,
1969Q1,,579449.0,,,,,7.005556653302869,,,,
1969Q2,,581833.0,,,,,4.63286163097878,,,,
1969Q3,,588288.0,,,,,4.340423116761505,,,,
1969Q4,,596601.0,,,,,4.369663222088693,,,,
1970Q1,,600288.0,6.6178,,,,3.5963475646692,,,,
1970Q2,,600338.0,6.6178,,,,3.180465872509819,,,,
1970Q3,,606551.0,6.6724,,,,3.104431842906874,,,,
1970Q4,,607472.0,6.8634,,,,1.822155846202067,,,,
1971Q1,,604347.0,6.918,,,,0.6761754357908156,4.536250717761203,,,
1971Q2,,621993.0,6.9998,,,,3.6071346474819244,5.772311039922617,,,
1971Q3,,639182.0,6.9726,,,,5.379761965605523,4.499130747557101,,4.536250717761203,
1971Q4,,646168.0,7.3273,,,,6.370005531119127,6.759040708686648,,5.772311039922617,
1972Q1,,644006.0,7.4865,,,,6.562289545575628,8.217692974848223,,4.499130747557101,
1972Q2,,662263.0,7.4865,,,,6.474349389784129,6.953055801594332,,6.759040708686648,
1972Q3,,664228.0,7.5957,,,,3.9184457634914516,8.936408226486536,,8.217692974848223,
1972Q4,,679830.0,7.9504,,,,5.209481125651538,8.503814501931139,,6.953055801594332,
1973Q1,,697278.0,8.3598,,,,8.271972621373092,11.664996994590249,,8.936408226486536,
1973Q2,,703930.0,8.7964,,,,6.291609224733974,17.496827623054823,,8.503814501931139,
1973Q3,,707203.0,9.4514,,,,6.469916956225874,24.430928025066812,,11.664996994590249,
1973Q4,,720247.0,10.3474,,,,5.945162761278544,30.14942644395251,,17.496827623054823,
1974Q1,,726208.0,11.439,,,,4.148990789900164,36.83341706739396,,24.430928025066812,
1974Q2,,733657.0,11.9529,,,,4.223005128350832,35.883997999181474,,30.14942644395251,
1974Q3,,733798.0,11.8438,,,,3.7605892508940197,25.3126520938697,,36.83341706739396,
1974Q4,,729975.0,11.8711,,,,1.35064776389211,14.725438274349113,,35.883997999181474,
1975Q1,,725998.0,12.4987,,,,-0.02891733497840665,9.263921671474783,,25.3126520938697,
1975Q2,,735312.0,12.9081,,,,0.22558225437772084,7.991366111989562,,14.725438274349113,
1975Q3,,749419.0,13.3174,,,,2.1287874864744705,12.441952751650653,,9.263921671474783,
1975Q4,,758091.0,13.8632,,,,3.851638754751874,16.78109021067973,,7.991366111989562,
1976Q1,6.933333333333334,771302.0,14.4591,,,,6.2402375764120555,15.684831222447126,,12.441952751650653,
1976Q2,6.866666666666667,787935.0,14.6228,,,-0.06666666666666643,7.15655395260788,13.283907004129203,,16.78109021067973,
1976Q3,7.166666666666667,791573.0,14.6501,,,0.2999999999999998,5.624890748699984,10.007208614294093,-0.06666666666666643,15.684831222447126,
1976Q4,7.433333333333334,792852.0,15.1959,,,0.2666666666666666,4.585333423032334,9.613220612845508,0.2999999999999998,13.283907004129203,
1977Q1,7.766666666666667,805013.0,15.3323,,,0.33333333333333304,4.370661556692457,6.0391034020098155,0.2666666666666666,10.007208614294093,
1977Q2,7.833333333333333,809121.0,15.3869,,,0.06666666666666643,2.6888004721201675,5.225401427907106,0.33333333333333304,9.613220612845508,
1977Q3,8.200000000000001,813877.0,15.3323,,,0.36666666666666803,2.8176807445428276,4.656623504276425,0.06666666666666643,6.0391034020098155,
1977Q4,8.466666666666667,826774.0,15.769,,,0.2666666666666657,4.278478202741498,3.7714120256121753,0.36666666666666803,5.225401427907106,
1978Q1,8.366666666666667,833914.0,15.7144,,,-0.09999999999999964,3.5901283581755816,2.492124469257706,0.2666666666666657,4.656623504276425,
1978Q2,8.466666666666667,839590.0,16.1738,,,0.09999999999999964,3.765691410802585,5.114090557552209,-0.09999999999999964,3.7714120256121753,
1978Q3,8.366666666666667,847422.0,16.1465,,,-0.09999999999999964,4.121630172618218,5.3103578719435385,0.09999999999999964,2.492124469257706,
1978Q4,8.266666666666667,855457.0,16.9106,,,-0.09999999999999964,3.469267296746148,7.239520578349912,-0.09999999999999964,5.114090557552209,
1979Q1,8.033333333333333,862282.0,17.4837,,,-0.23333333333333428,3.4017896329837427,11.25909993381866,-0.09999999999999964,5.3103578719435385,
1979Q2,7.666666666666667,873721.0,17.8657,,,-0.36666666666666625,4.06519848973903,10.460745155745709,-0.23333333333333428,7.239520578349912,
1979Q3,7.1000000000000005,880126.0,17.7839,,,-0.5666666666666664,3.859234242207532,10.14089740810702,-0.36666666666666625,11.25909993381866,
1979Q4,7.2,886031.0,18.5707,,,0.09999999999999964,3.573996121371392,9.81691956524311,-0.5666666666666664,10.460745155745709,
1980Q1,7.566666666666666,892183.0,18.8436,,,0.36666666666666625,3.4676590720901013,7.778101889188216,0.09999999999999964,10.14089740810702,
1980Q2,7.733333333333333,891793.0,19.6077,,,0.16666666666666696,2.068394830844178,9.750527547199383,0.36666666666666625,9.81691956524311,
1980Q3,7.5,891052.0,20.4128,,,-0.2333333333333334,1.2414131612973556,14.782471786278606,0.16666666666666696,7.778101889188216,
1980Q4,7.266666666666667,903381.0,21.7045,,,-0.2333333333333334,1.9581707637768897,16.874969710350186,-0.2333333333333334,9.750527547199383,
1981Q1,7.400000000000001,922843.0,22.5323,,,0.13333333333333464,3.436514706063676,19.57534653675519,-0.2333333333333334,14.782471786278606,
1981Q2,7.166666666666667,932933.0,22.7051,,,-0.23333333333333428,4.613178170270449,15.796855317043823,0.13333333333333464,16.874969710350186,
1981Q3,7.466666666666666,924545.0,23.2828,,,0.29999999999999893,3.7588154226689374,14.059805612164912,-0.23333333333333428,19.57534653675519,
1981Q4,8.433333333333334,920293.0,23.6148,,,0.9666666666666677,1.8720783368257665,8.801400631205514,0.29999999999999893,15.796855317043823,
1982Q1,8.933333333333334,909761.0,22.6551,,,0.5,-1.417575904027013,0.5449954065940954,0.9666666666666677,14.059805612164912,
1982Q2,10.4,899287.0,21.7045,,,1.4666666666666668,-3.606475491809169,-4.406939410088495,0.5,8.801400631205514,
1982Q3,12.1,891312.0,21.2952,,,1.6999999999999993,-3.5945248743976754,-8.53677392753449,1.4666666666666668,0.5449954065940954,
1982Q4,12.966666666666667,883087.0,21.7545,,,0.8666666666666671,-4.042842877214103,-7.877686874333046,1.6999999999999993,-4.406939410088495,
1983Q1,12.633333333333333,897519.0,23.2418,,,-0.3333333333333339,-1.3456281374998436,2.58970386358921,0.8666666666666671,-8.53677392753449,
1983Q2,12.4,915225.0,23.2282,,,-0.2333333333333325,1.7722929387392394,7.020203183671603,-0.3333333333333339,-7.877686874333046,
1983Q3,11.666666666666666,925507.0,22.9326,,,-0.7333333333333343,3.8364792575439344,7.689056688831286,-0.2333333333333325,2.58970386358921,
1983Q4,11.300000000000002,937013.0,23.0144,,,-0.3666666666666636,6.106533104892264,5.7914454480682,-0.7333333333333343,7.020203183671603,
1984Q1,11.300000000000002,953242.0,22.9917,,,0.0,6.208559373116329,-1.076078444870876,-0.3666666666666636,7.689056688831286,
1984Q2,11.5,971741.0,23.1236,,,0.1999999999999975,6.1750935562293385,-0.4503147036791555,0.0,5.7914454480682,
1984Q3,11.433333333333332,975919.0,22.696,,,-0.0666666666666682,5.446960422773683,-1.0317190375273566,0.1999999999999975,-1.076078444870876,
1984Q4,11.266666666666666,991150.0,22.978,,,-0.16666666666666607,5.777614611536874,-0.15816184649609655,-0.0666666666666682,-0.4503147036791555,
1985Q1,10.799999999999999,1006378.0,23.4602,,,-0.4666666666666668,5.5742403293182585,2.0376918627156737,-0.16666666666666607,-1.0317190375273566,
1985Q2,10.700000000000001,1009615.0,24.006,,,-0.09999999999999787,3.897540599810023,3.816014807382939,-0.4666666666666668,-0.15816184649609655,
1985Q3,10.299999999999999,1022432.0,24.1242,,,-0.40000000000000213,4.766071774399316,6.2927388086006175,-0.09999999999999787,2.0376918627156737,
1985Q4,10.233333333333334,1038020.0,25.1476,,,-0.06666666666666465,4.728850325379619,9.442075028287933,-0.40000000000000213,3.816014807382939,
1986Q1,9.833333333333334,1037494.0,26.6121,,,-0.40000000000000036,3.0918799894274374,13.435094329971609,-0.06666666666666465,6.2927388086006175,
1986Q2,9.6,1043457.0,27.9539,,,-0.23333333333333428,3.351970800750781,16.44547196534201,-0.40000000000000036,9.442075028287933,
1986Q3,9.566666666666666,1044769.0,28.4315,,,-0.033333333333333215,2.184692967356261,17.854685336715836,-0.23333333333333428,13.435094329971609,
1986Q4,9.433333333333334,1037206.0,30.3918,,,-0.13333333333333286,-0.0784185275813587,20.853679874023754,-0.033333333333333215,16.44547196534201,
1987Q1,9.466666666666667,1061180.0,32.9525,,,0.033333333333333215,2.2830011547054774,23.82525242277009,-0.13333333333333286,17.854685336715836,
1987Q2,9.0,1074774.0,32.5568,,,-0.4666666666666668,3.001273650950642,16.46603872804868,0.033333333333333215,20.853679874023754,
1987Q3,8.566666666666666,1091195.0,32.5568,,,-0.43333333333333357,4.44366170895194,14.509610818985985,-0.4666666666666668,23.82525242277009,
1987Q4,8.166666666666666,1105292.0,34.3397,,,-0.40000000000000036,6.564366191479798,12.9900170440711,-0.43333333333333357,16.46603872804868,
1988Q1,7.8999999999999995,1121396.0,37.519,,,-0.2666666666666666,5.6744378898961445,13.857825658144286,-0.40000000000000036,14.509610818985985,
1988Q2,7.7,1131347.0,38.3195,,,-0.1999999999999993,5.263711254645154,17.700449675643792,-0.2666666666666666,12.9900170440711,
1988Q3,7.8,1131515.0,38.7015,,,0.09999999999999964,3.695031593803133,18.873783664242193,-0.1999999999999993,13.857825658144286,
1988Q4,7.7,1139280.0,41.849,,,-0.09999999999999964,3.0750245184077984,21.86769249585756,0.09999999999999964,17.700449675643792,
1989Q1,7.533333333333334,1152444.0,46.0516,,,-0.16666666666666607,2.7686918804775473,22.742077347477284,-0.09999999999999964,18.873783664242193,
1989Q2,7.666666666666667,1156927.0,42.0809,,,0.13333333333333286,2.2610215963802416,9.815890082073109,-0.16666666666666607,21.86769249585756,
1989Q3,7.366666666666667,1161104.0,43.0724,,,-0.2999999999999998,2.6149896377865023,11.293877498288186,0.13333333333333286,22.742077347477284,
1989Q4,7.466666666666666,1158793.0,45.5376,,,0.09999999999999876,1.7127484024998196,8.814069631293453,-0.2999999999999998,9.815890082073109,
1990Q1,7.633333333333333,1169937.0,44.7235,,,0.16666666666666696,1.5179045576184214,-2.883938885945325,0.09999999999999876,11.293877498288186,
1990Q2,7.666666666666667,1165243.0,41.7307,,,0.0333333333333341,0.7188007540665842,-0.8322065355066077,0.16666666666666696,8.814069631293453,
1990Q3,8.166666666666666,1156892.0,41.9536,,,0.4999999999999991,-0.3627582025382714,-2.5974870218515855,0.0333333333333341,-2.883938885945325,
1990Q4,9.133333333333333,1146591.0,42.2901,,,0.9666666666666668,-1.0529922082718857,-7.131469379150401,0.4999999999999991,-0.8322065355066077,
1991Q1,10.166666666666666,1130096.0,44.3323,,,1.0333333333333332,-3.4053970427467495,-0.8747079275995939,0.9666666666666668,-2.5974870218515855,
1991Q2,10.333333333333334,1135520.0,45.906,,,0.16666666666666785,-2.5507984171541875,10.005343787667108,1.0333333333333332,-7.131469379150401,
1991Q3,10.433333333333334,1137026.0,43.3226,,,0.09999999999999964,-1.7171870840147596,3.2631287899012262,0.16666666666666785,-0.8747079275995939,
1991Q4,10.333333333333334,1139024.0,43.8457,,,-0.09999999999999964,-0.6599563401422093,3.6784022738182154,0.09999999999999964,10.005343787667108,
1992Q1,10.6,1139828.0,44.5734,,,0.2666666666666657,0.8611657770667192,0.5438472626053681,-0.09999999999999964,3.2631287899012262,
1992Q2,11.0,1141127.0,44.9191,,,0.40000000000000036,0.49378258419050525,-2.1498279092057704,0.2666666666666657,3.6784022738182154,
1992Q3,11.533333333333333,1147308.0,45.0282,,,0.5333333333333332,0.9042889080812522,3.936975158462319,0.40000000000000036,0.5438472626053681,
1992Q4,11.733333333333334,1153845.0,46.0016,,,0.20000000000000107,1.3012017306044399,4.917015807707492,0.5333333333333332,-2.1498279092057704,
1993Q1,11.133333333333333,1161171.0,46.3973,,,-0.6000000000000014,1.872475496302961,4.091902345344978,0.20000000000000107,3.936975158462319,
1993Q2,11.633333333333333,1171748.0,46.3973,,,0.5,2.683399831920541,3.290805025033894,-0.6000000000000014,4.917015807707492,
1993Q3,11.433333333333332,1182954.0,45.3739,,,-0.20000000000000107,3.1069250802748805,0.7677411044634264,0.5,4.091902345344978,
1993Q4,11.299999999999999,1188014.0,45.9333,,,-0.13333333333333286,2.9613162946496185,-0.14847309658794217,-0.20000000000000107,3.290805025033894,
1994Q1,11.033333333333333,1205531.0,47.9983,,,-0.2666666666666657,3.820281422805083,3.450631825558803,-0.13333333333333286,0.7677411044634264,
1994Q2,10.633333333333333,1223130.0,47.598,,,-0.40000000000000036,4.38507255826337,2.587866104277614,-0.2666666666666657,-0.14847309658794217,
1994Q3,10.133333333333333,1238811.0,46.8475,,,-0.5,4.721823502858102,3.247682037470878,-0.40000000000000036,3.450631825558803,
1994Q4,9.766666666666666,1247810.0,47.407,,,-0.36666666666666714,5.033274018656342,3.2083477564207152,-0.5,2.587866104277614,
1995Q1,9.633333333333333,1259275.0,46.1289,,,-0.13333333333333286,4.458118455684668,-3.894721271378354,-0.36666666666666714,3.247682037470878,
1995Q2,9.5,1259810.0,44.9554,,,-0.13333333333333286,2.998863571329302,-5.551913945964115,-0.13333333333333286,3.2083477564207152,
1995Q3,9.433333333333332,1261475.0,45.3875,,,-0.0666666666666682,1.8294961862624692,-3.116495010406095,-0.13333333333333286,-3.894721271378354,
1995Q4,9.299999999999999,1266566.0,45.4603,,,-0.13333333333333286,1.5031134547727643,-4.1063556014934495,-0.0666666666666682,-5.551913945964115,
1996Q1,9.5,1268404.0,44.91,,,0.20000000000000107,0.7249409382382721,-2.6423782054200373,-0.13333333333333286,-3.116495010406095,
1996Q2,9.433333333333334,1277434.0,45.8742,,,-0.06666666666666643,1.3989411101674065,2.0438034140503714,0.20000000000000107,-4.1063556014934495,
1996Q3,9.666666666666666,1288163.0,45.242,,,0.2333333333333325,2.1156186210586903,-0.32057284494630967,-0.06666666666666643,-2.6423782054200373,
1996Q4,9.833333333333334,1298369.0,45.5012,,,0.16666666666666785,2.5109627133524715,0.08996860997398937,0.2333333333333325,2.0438034140503714,
1997Q1,9.433333333333334,1315766.0,46.0379,,,-0.40000000000000036,3.733983809574859,2.5114673792028697,0.16666666666666785,-0.32057284494630967,
1997Q2,9.299999999999999,1330573.0,47.1978,,,-0.13333333333333464,4.159823521215178,2.8852819231725,-0.40000000000000036,0.08996860997398937,
1997Q3,8.866666666666667,1346347.0,46.3745,,,-0.4333333333333318,4.516819688191642,2.5032049865169492,-0.13333333333333464,2.5114673792028697,
1997Q4,8.766666666666667,1359358.0,46.3154,,,-0.09999999999999964,4.697354912201379,1.7894033563949918,-0.4333333333333318,2.8852819231725,
1998Q1,8.6,1378552.0,45.8833,,,-0.16666666666666785,4.771821129288956,-0.3358102780535166,-0.09999999999999964,2.5032049865169492,
1998Q2,8.333333333333334,1379282.0,46.279,,,-0.2666666666666657,3.66075367529628,-1.94670090555068,-0.16666666666666785,1.7894033563949918,
1998Q3,8.200000000000001,1391850.0,45.3602,,,-0.13333333333333286,3.3797379130342975,-2.187193392920672,-0.2666666666666657,-0.3358102780535166,
1998Q4,8.033333333333333,1410709.0,46.0061,,,-0.16666666666666785,3.7775920691973663,-0.6678124338772684,-0.13333333333333286,-1.94670090555068,
1999Q1,7.900000000000001,1436180.0,46.2381,,,-0.13333333333333197,4.18032834452382,0.7732660902768584,-0.16666666666666785,-2.187193392920672,
1999Q2,7.8999999999999995,1448025.0,48.0483,,,-1.7763568394002505e-15,4.983969920581877,3.823116316255737,-0.13333333333333197,-0.6678124338772684,
1999Q3,7.5,1470722.0,47.6298,,,-0.39999999999999947,5.666702590077954,5.003505275549935,-1.7763568394002505e-15,0.7732660902768584,
1999Q4,6.966666666666666,1491326.0,48.3212,,,-0.5333333333333341,5.714644196641538,5.032158778944518,-0.39999999999999947,3.823116316255737,
2000Q1,6.866666666666667,1514676.0,48.5577,,,-0.09999999999999876,5.465610160286305,5.016642119810277,-0.5333333333333341,5.003505275549935,
2000Q2,6.666666666666667,1532503.0,49.5038,,,-0.20000000000000018,5.834015296697226,3.029243490404454,-0.09999999999999876,5.032158778944518,
2000Q3,6.8999999999999995,1548212.0,49.3991,,,0.2333333333333325,5.268840746245718,3.7146912227218998,-0.20000000000000018,5.016642119810277,
2000Q4,6.8999999999999995,1551274.0,49.9176,,,0.0,4.019778371730931,3.3037259008468434,0.2333333333333325,3.029243490404454,
2001Q1,7.0,1560006.0,49.7812,,5.12578125,0.10000000000000053,2.992719235004704,2.5196827691591706,0.0,3.7146912227218998,
2001Q2,7.1000000000000005,1564912.0,51.9189,,5.335238095238095,0.10000000000000053,2.1147756317605904,4.8786153790214115,0.10000000000000053,3.3037259008468434,
2001Q3,7.166666666666667,1563812.0,52.0644,,5.083870967741936,0.06666666666666643,1.007613944343544,5.395442427088759,0.10000000000000053,2.5196827691591706,
2001Q4,7.633333333333333,1573191.0,52.7467,,4.510967741935484,0.4666666666666659,1.4128387377084994,5.667540106094848,0.06666666666666643,4.8786153790214115,
2002Q1,7.933333333333334,1596194.0,55.0618,,4.76,0.3000000000000007,2.319734667687179,10.607618940483565,0.4666666666666659,5.395442427088759,
2002Q2,7.7,1605625.0,57.2268,,4.96140625,-0.2333333333333334,2.6016159375095826,10.22344464154672,0.3000000000000007,5.667540106094848,
2002Q3,7.533333333333334,1619509.0,56.7447,,4.318412698412699,-0.16666666666666607,3.561617381117421,8.989443842625677,-0.2333333333333334,10.607618940483565,
2002Q4,7.566666666666666,1628404.0,58.5458,,4.27241935483871,0.03333333333333233,3.509618348948096,10.994242293830702,-0.16666666666666607,10.22344464154672,
2003Q1,7.466666666666666,1637464.0,59.8057,,4.24015873015873,-0.10000000000000053,2.585525318351034,8.61559193488044,0.03333333333333233,8.989443842625677,
2003Q2,7.666666666666667,1635089.0,61.7751,,3.9215873015873015,0.20000000000000107,1.8350486570650082,7.947849608924495,-0.10000000000000053,10.994242293830702,
2003Q3,7.8,1641202.0,63.085,,3.875079365079365,0.13333333333333286,1.3394800522874561,11.173378306696492,0.20000000000000107,8.61559193488044,
2003Q4,7.433333333333334,1652484.0,64.9361,,4.048709677419355,-0.36666666666666625,1.4787485169527992,10.91504429011132,0.13333333333333286,7.947849608924495,
2004Q1,7.3,1664500.0,66.0368,,3.5265625,-0.13333333333333375,1.6510897338811725,10.418906559073804,-0.36666666666666625,11.173378306696492,
2004Q2,7.166666666666667,1684222.0,69.0888,,3.9315873015873017,-0.13333333333333286,3.0049128824180205,11.83923619710856,-0.13333333333333375,10.91504429011132,
2004Q3,7.0,1704135.0,67.465,,3.94015873015873,-0.16666666666666696,3.8345675913141752,6.943013394626307,-0.13333333333333286,10.418906559073804,
2004Q4,7.133333333333333,1716434.0,70.053,,3.8327419354838708,0.13333333333333286,3.869931569685403,7.879900394387707,-0.16666666666666696,11.83923619710856,
2005Q1,6.933333333333334,1722445.0,72.6425,,3.6533870967741935,-0.1999999999999993,3.481225593271242,10.003058900491846,0.13333333333333286,6.943013394626307,
2005Q2,6.833333333333333,1734894.0,74.507,,3.42921875,-0.10000000000000053,3.008629503711502,7.842370977640378,-0.1999999999999993,7.879900394387707,
2005Q3,6.7,1755919.0,75.7261,,3.4117460317460315,-0.13333333333333286,3.038726391981861,12.245015934188096,-0.10000000000000053,10.003058900491846,
2005Q4,6.533333333333334,1773358.0,76.73,,3.8454098360655737,-0.16666666666666607,3.316410651385371,9.531354831341998,-0.13333333333333286,7.842370977640378,
2006Q1,6.6000000000000005,1787756.0,79.6701,,4.03125,0.06666666666666643,3.79176113025379,9.67422652028771,-0.16666666666666607,12.245015934188096,
2006Q2,6.333333333333333,1788650.0,83.3991,,4.28952380952381,-0.2666666666666675,3.098517834518999,11.934583327741022,0.06666666666666643,9.531354831341998,
2006Q3,6.5,1793685.0,85.5504,,4.138548387096773,0.16666666666666696,2.150782581656663,12.973466215743311,-0.2666666666666675,9.67422652028771,
2006Q4,6.366666666666667,1800828.0,86.0523,,3.9314754098360654,-0.13333333333333286,1.5490386035983628,12.149485207871757,0.16666666666666696,11.934583327741022,
2007Q1,6.333333333333333,1812321.0,88.7773,,4.00421875,-0.0333333333333341,1.3740689445315812,11.431139160111492,-0.13333333333333286,12.973466215743311,
2007Q2,6.2,1829823.0,92.578,,4.349047619047619,-0.13333333333333286,2.3019036703659124,11.005994069480373,-0.0333333333333341,12.149485207871757,
2007Q3,6.0,1836679.0,94.5142,,4.4272580645161295,-0.20000000000000018,2.3969649074391475,10.477800220688627,-0.13333333333333286,11.431139160111492,
2007Q4,6.1000000000000005,1839093.0,94.8727,,4.0438709677419356,0.10000000000000053,2.1248558996195044,10.250045611796544,-0.20000000000000018,11.005994069480373,
2008Q1,6.133333333333333,1840473.0,96.2352,,3.3070967741935484,0.03333333333333233,1.5533672015056954,8.400683508058936,0.10000000000000053,10.477800220688627,
2008Q2,6.166666666666667,1847179.0,96.9523,,3.24296875,0.0333333333333341,0.9485070413914443,4.7249886582125145,0.03333333333333233,10.250045611796544,
2008Q3,6.233333333333333,1862358.0,95.0161,,3.1728571428571426,0.06666666666666643,1.3981212830331158,0.5310313159292424,0.0333333333333341,8.400683508058936,
2008Q4,6.7,1840749.0,91.2872,,2.507096774193548,0.4666666666666668,0.09004438600983544,-3.7792747544867944,0.06666666666666643,4.7249886582125145,
2009Q1,8.0,1799211.0,88.4188,,1.8901612903225806,1.2999999999999998,-2.2419236794019803,-8.122183982576026,0.4666666666666668,0.5310313159292424,
2009Q2,8.633333333333333,1779803.0,90.4984,0.25,2.232698412698413,0.6333333333333329,-3.6475079025909185,-6.65677864269335,1.2999999999999998,-3.7792747544867944,
2009Q3,8.666666666666666,1787763.0,93.5819,0.25,2.576349206349206,0.033333333333333215,-4.005406049749838,-1.5094284021339388,0.6333333333333329,-8.122183982576026,
2009Q4,8.6,1808535.0,96.3069,0.25,2.6246774193548386,-0.06666666666666643,-1.7500484856979415,5.498799393562304,0.033333333333333215,-6.65677864269335,0.25
2010Q1,8.366666666666667,1830446.0,99.3188,0.25,2.633387096774194,-0.2333333333333325,1.7360387414260936,12.327695015087281,-0.06666666666666643,-1.5094284021339388,0.25
2010Q2,8.133333333333333,1840031.0,101.1115,0.3346153846153846,2.807936507936508,-0.23333333333333428,3.3839700236486747,11.727389655507725,-0.2333333333333325,5.498799393562304,0.25
2010Q3,8.2,1852912.0,99.9641,0.7651515151515151,2.250952380952381,0.06666666666666643,3.644163124530486,6.8199085506919666,-0.23333333333333428,12.327695015087281,0.25
2010Q4,7.933333333333334,1873698.0,99.6056,1.0,2.224838709677419,-0.2666666666666657,3.6030820526005813,3.425195910158041,0.06666666666666643,11.727389655507725,0.3346153846153846
2011Q1,7.8,1887968.0,102.2589,1.0,2.6243548387096776,-0.13333333333333375,3.1425128083538034,2.9602653274103163,-0.2666666666666657,6.8199085506919666,0.7651515151515151
2011Q2,7.733333333333333,1891395.0,105.7727,1.0,2.4603174603174605,-0.06666666666666643,2.791474708850017,4.6099602913615145,-0.13333333333333375,3.425195910158041,1.0
2011Q3,7.433333333333334,1917274.0,107.2069,1.0,1.725873015873016,-0.2999999999999998,3.4735594566822403,7.245401098994542,-0.06666666666666643,2.9602653274103163,1.0
2011Q4,7.533333333333334,1932511.0,107.3503,1.0,1.4027868852459018,0.10000000000000053,3.1388729667214177,7.775366043676257,-0.2999999999999998,4.6099602913615145,1.0
2012Q1,7.566666666666666,1933731.0,109.7885,1.0,1.42984126984127,0.03333333333333233,2.4239287954033184,7.363271069804189,0.10000000000000053,7.245401098994542,1.0
2012Q2,7.466666666666666,1940017.0,112.0115,1.0,1.423015873015873,-0.10000000000000053,2.5706951747255236,5.898308353667825,0.03333333333333233,7.775366043676257,1.0
2012Q3,7.366666666666667,1942672.0,110.9358,1.0,1.3266129032258065,-0.09999999999999876,1.324693288491896,3.478227614080809,-0.10000000000000053,7.363271069804189,1.0
2012Q4,7.366666666666667,1946670.0,109.5733,1.0,1.3391935483870967,0.0,0.7326737079375034,2.070790673151346,-0.09999999999999876,5.898308353667825,1.0
2013Q1,7.166666666666667,1964095.0,110.7207,1.0,1.4131147540983606,-0.20000000000000018,1.570228744328972,0.8490871083947749,0.0,3.478227614080809,1.0
2013Q2,7.166666666666667,1975406.0,113.0154,1.0,1.38765625,0.0,1.8241592728311051,0.8962472603259553,-0.20000000000000018,2.070790673151346,1.0
2013Q3,7.233333333333333,1991650.0,113.6608,1.0,1.877936507936508,0.06666666666666643,2.521166722946533,2.4563756695313854,0.0,0.8490871083947749,1.0
2013Q4,7.266666666666667,2012494.0,114.0194,1.0,1.809193548387097,0.033333333333333215,3.381364073006732,4.057649080569803,0.06666666666666643,0.8962472603259553,1.0
2014Q1,7.233333333333333,2015895.0,116.4575,1.0,1.675967741935484,-0.033333333333333215,2.6373469715059716,5.181325623844502,0.033333333333333215,2.4563756695313854,1.0
2014Q2,7.2,2034271.0,119.1825,1.0,1.621904761904762,-0.033333333333333215,2.9798937534866177,5.45686694025771,-0.033333333333333215,4.057649080569803,1.0
2014Q3,7.033333333333334,2053771.0,119.8996,1.0,1.5598412698412698,-0.16666666666666607,3.1190721261265875,5.488963653256018,-0.033333333333333215,5.181325623844502,1.0
2014Q4,6.766666666666667,2067966.0,120.3299,1.0,1.460483870967742,-0.2666666666666675,2.756380888588983,5.534584465450609,-0.16666666666666607,5.45686694025771,1.0
2015Q1,6.866666666666667,2056452.0,123.6285,0.8046875,0.8569354838709677,0.10000000000000053,2.0118607367943353,6.1576111456969285,-0.2666666666666675,5.488963653256018,1.0
2015Q2,6.933333333333334,2050838.0,127.8594,0.75,0.9484126984126984,0.06666666666666643,0.8143949355813529,7.280347366433815,0.10000000000000053,5.534584465450609,1.0
2015Q3,7.066666666666666,2058182.0,130.2259,0.5378787878787878,0.7528571428571429,0.13333333333333286,0.21477564928125137,8.61245575464804,0.06666666666666643,6.1576111456969285,0.8046875
2015Q4,7.133333333333333,2059546.0,131.6601,0.5,0.8546774193548388,0.06666666666666643,-0.4071633672894093,9.41594732481288,0.13333333333333286,7.280347366433815,0.75
2016Q1,7.233333333333333,2071732.0,138.616,0.5,0.6546774193548387,0.10000000000000053,0.7430273111164176,12.123013706386487,0.06666666666666643,8.61245575464804,0.5378787878787878
2016Q2,7.133333333333333,2061412.0,147.4364,0.5,0.71296875,-0.10000000000000053,0.5155941132356734,15.311349810807817,0.10000000000000053,9.41594732481288,0.5
2016Q3,6.966666666666666,2082805.0,151.8107,0.5,0.6395238095238095,-0.16666666666666696,1.1963470674605015,16.574890248406817,-0.10000000000000053,12.123013706386487,0.5
2016Q4,6.866666666666667,2094490.0,152.8146,0.5,0.9026229508196721,-0.09999999999999876,1.696684609132304,16.067510202407576,-0.16666666666666696,15.311349810807817,0.5
2017Q1,6.733333333333333,2120843.0,163.0692,0.5,1.1371428571428572,-0.13333333333333375,2.3705286204972476,17.640964967969055,-0.09999999999999876,16.574890248406817,0.5
2017Q2,6.533333333333334,2143166.0,172.2995,0.5,1.0425396825396827,-0.1999999999999993,3.965922387179277,16.863610343171697,-0.13333333333333375,16.067510202407576,0.5
2017Q3,6.233333333333333,2143839.0,174.5216,0.7923076923076923,1.5919354838709678,-0.3000000000000007,2.930375143136299,14.96001270002707,-0.1999999999999993,17.640964967969055,0.5
2017Q4,6.166666666666667,2154716.0,174.0089,1.0,1.6957377049180327,-0.06666666666666643,2.8754493934084246,13.869289976219545,-0.3000000000000007,16.863610343171697,0.5
2018Q1,5.8999999999999995,2179765.0,175.2054,1.2038461538461538,2.037258064516129,-0.2666666666666675,2.778234881129804,7.44236189298777,-0.06666666666666643,14.96001270002707,0.7923076923076923
2018Q2,5.8999999999999995,2196768.0,177.4275,1.25,2.12203125,0.0,2.5010661796613043,2.9762129315523245,-0.2666666666666675,13.869289976219545,1.0
2018Q3,5.8999999999999995,2207849.0,177.7694,1.4730769230769232,2.190967741935484,0.0,2.9857652556931846,1.8609730829880045,0.0,7.44236189298777,1.2038461538461538
2018Q4,5.633333333333333,2213050.0,177.0856,1.6856060606060606,2.2559677419354838,-0.2666666666666666,2.7072709350095314,1.7681279520760151,0.0,2.9762129315523245,1.25
2019Q1,5.766666666666667,2218376.0,176.231,1.75,1.7635483870967743,0.13333333333333375,1.7713377359485971,0.5853700856252031,-0.2666666666666666,1.8609730829880045,1.4730769230769232
2019Q2,5.6000000000000005,2242662.0,177.7694,1.75,1.4933333333333334,-0.16666666666666607,2.0891600751649753,0.19269842611771004,0.13333333333333375,1.7681279520760151,1.6856060606060606
2019Q3,5.666666666666667,2248933.0,178.1112,1.75,1.3566666666666667,0.06666666666666643,1.8608156626653383,0.192271560797308,-0.16666666666666607,0.5853700856252031,1.75
2019Q4,5.7,2255354.0,179.9915,1.75,1.5274193548387098,0.033333333333333215,1.911570005196439,1.6409578192693175,0.06666666666666643,0.19269842611771004,1.75
2020Q1,6.6000000000000005,2211376.0,183.752,1.4807692307692308,1.1687301587301586,0.9000000000000004,-0.3155461472716947,4.2676941060312945,0.033333333333333215,0.192271560797308,1.75
2020Q2,13.5,1968126.0,187.8544,0.25,0.4303174603174603,6.8999999999999995,-12.241523689258571,5.673079843887652,0.9000000000000004,1.6409578192693175,1.75
2020Q3,10.033333333333333,2146901.0,190.4183,0.25,0.3604761904761905,-3.466666666666667,-4.536907057702477,6.909784449265399,6.8999999999999995,4.2676941060312945,1.4807692307692308
2020Q4,8.833333333333334,2187228.0,195.0335,0.25,0.41451612903225804,-1.1999999999999993,-3.0206344547241804,8.357061305672776,-3.466666666666667,5.673079843887652,0.25
2021Q1,8.466666666666667,2224489.0,199.8196,0.25,0.6620967741935483,-0.36666666666666714,0.5929792129425238,8.74417693412861,-1.1999999999999993,6.909784449265399,0.25
2021Q2,8.133333333333333,2221882.0,213.1523,0.25,0.9255555555555556,-0.3333333333333339,12.893280206653435,13.466759362570158,-0.36666666666666714,8.357061305672776,0.25
2021Q3,7.166666666666667,2266642.0,217.7675,0.25,0.8604838709677419,-0.9666666666666659,5.577388058415367,14.362695182133244,-0.3333333333333339,8.74417693412861,0.25
2021Q4,6.166666666666667,2307224.0,222.2117,0.25,1.3429032258064517,-1.0,5.486213600045353,13.935144475179918,-0.9666666666666659,13.466759362570158,0.25
2022Q1,5.766666666666667,2331146.0,250.6768,0.3333333333333333,1.7701612903225807,-0.40000000000000036,4.794674192589854,25.45155730468882,-1.0,14.362695182133244,0.25
2022Q2,5.166666666666667,2357666.0,244.1786,1.0923076923076922,2.8676190476190477,-0.5999999999999996,6.111215627112521,14.555930196390099,-0.40000000000000036,13.935144475179918,0.25
2022Q3,5.033333333333333,2376734.0,222.0704,2.546875,3.136290322580645,-0.13333333333333375,4.857052856163424,1.9759146796468618,-0.5999999999999996,25.45155730468882,0.3333333333333333
2022Q4,5.033333333333333,2378229.0,211.8286,3.734375,3.331639344262295,0.0,3.0775078622621743,-4.672616248379368,-0.13333333333333375,14.555930196390099,1.0923076923076922
2023Q1,5.133333333333333,2403264.0,211.9699,4.43359375,3.163015873015873,0.09999999999999964,3.093671524649255,-15.44095823785847,0.0,1.9759146796468618,2.546875
2023Q2,5.233333333333333,2407099.0,222.5649,4.565384615384615,3.3242857142857143,0.10000000000000053,2.096692237153186,-8.851594693392462,0.09999999999999964,-4.672616248379368,3.734375
2023Q3,5.433333333333334,2408306.0,221.3641,4.969230769230769,3.983709677419355,0.20000000000000018,1.3283775130073394,-0.3180522933267982,0.10000000000000053,-15.44095823785847,4.43359375
2023Q4,5.766666666666667,2409551.0,212.7469,5.0,3.7998333333333334,0.33333333333333304,1.3170304457644777,0.4335108668045873,0.20000000000000018,-8.851594693392462,4.565384615384615
2024Q1,5.8999999999999995,2427108.0,213.5238,5.0,3.5069354838709677,0.13333333333333286,0.9921506750818931,0.7330757810424915,0.33333333333333304,-0.3180522933267982,4.969230769230769
2024Q2,6.3,2446913.0,216.4198,4.934615384615385,3.6271875,0.40000000000000036,1.6540242009157158,-2.7610373423662016,0.13333333333333286,0.4335108668045873,5.0
2024Q3,6.5,2466957.0,212.4643,4.5,3.049193548387097,0.20000000000000018,2.4353632802476044,-4.0204351112036685,0.40000000000000036,0.7330757810424915,5.0
2024Q4,6.766666666666667,2484261.0,208.9327,3.772727272727273,3.014838709677419,0.2666666666666666,3.1005776594892565,-1.7928345841937032,0.20000000000000018,-2.7610373423662016,4.934615384615385
2025Q1,6.7,2502038.0,210.3453,3.03125,2.809032258064516,-0.06666666666666643,3.0872132595665347,-1.4885928407044058,0.2666666666666666,-4.0204351112036685,4.5
2025Q2,6.933333333333334,2495975.0,210.1334,2.75,2.811904761904762,0.2333333333333334,2.005056984044784,-2.9047249835736033,-0.06666666666666643,-1.7928345841937032,3.772727272727273
2025Q3,7.033333333333334,2507754.0,205.6836,2.715909090909091,2.9193548387096775,0.10000000000000053,1.6537377830257993,-3.1914538112991164,0.2333333333333334,-1.4885928407044058,3.03125
2025Q4,6.766666666666667,2501573.0,201.8694,2.3293650793650795,2.7962903225806452,-0.2666666666666675,0.6968671971262275,-3.380657982211499,0.10000000000000053,-2.9047249835736033,2.75
2026Q1,6.633333333333333,2503604.0,200.2448,2.25,2.931451612903226,-0.13333333333333375,0.0625889774655608,-4.801866264661014,-0.2666666666666675,-3.1914538112991164,2.715909090909091
2026Q2,6.666666666666667,2524127.0,,2.25,3.1174603174603175,0.0333333333333341,1.127895912418997,,-0.13333333333333375,-3.380657982211499,2.3293650793650795
2026Q3,6.4,,,2.25,3.331935483870968,-0.2666666666666666,,,0.0333333333333341,-4.801866264661014,2.25
2026Q4,,,,2.25,3.62,,,,-0.2666666666666666,,2.25
