scenario,bank,portfolio,quarter,gross_loans,loss_bps,loss
base,BMO,business,2026Q3,155850.0,34.985623562180166,136.3127358041445
base,BMO,business,2026Q4,155850.0,33.351707064577965,129.94658865036192
base,BMO,business,2027Q1,155850.0,32.22573500671392,125.55952001990912
base,BMO,business,2027Q2,155850.0,32.19716225930716,125.44819345282554
base,BMO,business,2027Q3,155850.0,31.598211208802425,123.11453042229647
base,BMO,business,2027Q4,155850.0,31.05828414596065,121.01083960369918
base,BMO,business,2028Q1,155850.0,30.647018486135362,119.4084457766049
base,BMO,business,2028Q2,155850.0,30.40597330420023,118.46927348649015
base,BMO,business,2028Q3,155850.0,30.357182954598905,118.27917408685599
base,BMO,consumer,2026Q3,82126.0,132.9902605122287,273.0489533706824
base,BMO,consumer,2026Q4,82126.0,127.1781248368791,261.11576700883836
base,BMO,consumer,2027Q1,82126.0,124.48823859967905,255.59302708093105
base,BMO,consumer,2027Q2,82126.0,123.19669945527203,252.94130348659175
base,BMO,consumer,2027Q3,82126.0,122.11683524030474,250.7241802736317
base,BMO,consumer,2027Q4,82126.0,121.22259825201428,248.88817760112312
base,BMO,consumer,2028Q1,82126.0,120.57112164362168,247.55059840260185
base,BMO,consumer,2028Q2,82126.0,120.22161677201444,246.83301247546146
base,BMO,consumer,2028Q3,82126.0,120.20753850397082,246.80410767942772
base,BMO,mortgage,2026Q3,164183.0,3.6128010796231402,14.82901299139415
base,BMO,mortgage,2026Q4,164183.0,2.988850047901493,12.267959185365267
base,BMO,mortgage,2027Q1,164183.0,2.720618579892971,11.166983007564191
base,BMO,mortgage,2027Q2,164183.0,2.5829629843336317,10.601965291421216
base,BMO,mortgage,2027Q3,164183.0,2.503090485059552,10.27412262771331
base,BMO,mortgage,2027Q4,164183.0,2.447843323758258,10.047356510615053
base,BMO,mortgage,2028Q1,164183.0,2.4107020130218553,9.894907215099181
base,BMO,mortgage,2028Q2,164183.0,2.391404687608437,9.8156998956404
base,BMO,mortgage,2028Q3,164183.0,2.3904080053831676,9.811608938695615
base,BNS,business,2026Q3,97200.0,37.57967575662236,91.31861208859232
base,BNS,business,2026Q4,97200.0,35.94874353262677,87.35544678428306
base,BNS,business,2027Q1,97200.0,34.82282596940149,84.61946710564563
base,BNS,business,2027Q2,97200.0,34.794254217099756,84.55003774755241
base,BNS,business,2027Q3,97200.0,34.19530318476624,83.09458673898197
base,BNS,business,2027Q4,97200.0,33.65537612225628,81.78256397708276
base,BNS,business,2028Q1,97200.0,33.24411046243705,80.78318842372204
base,BNS,business,2028Q2,97200.0,33.00306528050203,80.19744863161992
base,BNS,business,2028Q3,97200.0,32.95427493090071,80.07888808208872
base,BNS,consumer,2026Q3,84000.0,143.81978534977316,302.0215492345236
base,BNS,consumer,2026Q4,84000.0,138.85815014294838,291.6021153001916
base,BNS,consumer,2027Q1,84000.0,136.4264030874833,286.4954464837149
base,BNS,consumer,2027Q2,84000.0,135.21321291478512,283.9477471210487
base,BNS,consumer,2027Q3,84000.0,134.1571287448562,281.72997036419804
base,BNS,consumer,2027Q4,84000.0,133.27010934385112,279.8672296220874
base,BNS,consumer,2028Q1,84000.0,132.62082337749212,278.50372909273347
base,BNS,consumer,2028Q2,84000.0,132.27198339739635,277.77116513453234
base,BNS,consumer,2028Q3,84000.0,132.258106933534,277.74202456042144
base,BNS,mortgage,2026Q3,294100.0,3.112796967707028,22.886839705065924
base,BNS,mortgage,2026Q4,294100.0,3.023075250912835,22.227160782336618
base,BNS,mortgage,2027Q1,294100.0,2.9284632314981036,21.53152590958981
base,BNS,mortgage,2027Q2,294100.0,2.8472323061837983,20.93427553121638
base,BNS,mortgage,2027Q3,294100.0,2.785697288326962,20.481839312423993
base,BNS,mortgage,2027Q4,294100.0,2.7364096341573454,20.11945183514188
base,BNS,mortgage,2028Q1,294100.0,2.7012051065834926,19.86061054615513
base,BNS,mortgage,2028Q2,294100.0,2.6825372172854873,19.723354890091546
base,BNS,mortgage,2028Q3,294100.0,2.6817450958138673,19.71753081697146
base,CM,business,2026Q3,121039.0,31.093515487102408,94.0882005260847
base,CM,business,2026Q4,121039.0,29.53061216918036,89.35889415863554
base,CM,business,2027Q1,121039.0,28.40593685487432,85.95565477442833
base,CM,business,2027Q2,121039.0,28.377387786788255,85.86926600812659
base,CM,business,2027Q3,121039.0,27.778437168682217,84.05685641150318
base,CM,business,2027Q4,121039.0,27.2385101137363,82.4230506414132
base,CM,business,2028Q1,121039.0,26.8272444540552,81.1785710368597
base,CM,business,2028Q2,121039.0,26.5861992721227,80.44917434246149
base,CM,business,2028Q3,121039.0,26.537408922521422,80.30153596432675
base,CM,consumer,2026Q3,69354.6,168.87600789332618,292.808199425962
base,CM,consumer,2026Q4,69354.6,161.73300764802292,280.4232013056393
base,CM,consumer,2027Q1,69354.6,158.6391847831526,275.0589301240409
base,CM,consumer,2027Q2,69354.6,157.22504503545554,272.60700271040014
base,CM,consumer,2027Q3,69354.6,156.107969765839,270.67014499804645
base,CM,consumer,2027Q4,69354.6,155.2024386847712,269.10007635017087
base,CM,consumer,2028Q1,69354.6,154.54753415602363,267.9645603094339
base,CM,consumer,2028Q2,69354.6,154.196988861056,267.3567620915749
base,CM,consumer,2028Q3,69354.6,154.18259480948865,267.33180474935403
base,CM,mortgage,2026Q3,284209.4,3.474560265727494,24.687567209656294
base,CM,mortgage,2026Q4,284209.4,3.188681870810437,22.656334032347797
base,CM,mortgage,2027Q1,284209.4,3.030320795808395,21.531141379605664
base,CM,mortgage,2027Q2,284209.4,2.928372033471337,20.806771465241717
base,CM,mortgage,2027Q3,284209.4,2.86010391554036,20.321710444334414
base,CM,mortgage,2027Q4,284209.4,2.8086280678562074,19.9559624497143
base,CM,mortgage,2028Q1,284209.4,2.7727123981926285,19.700773176572206
base,CM,mortgage,2028Q2,284209.4,2.753813394476077,19.56649131390023
base,CM,mortgage,2028Q3,284209.4,2.7529461630155647,19.560329430573898
base,NBC,business,2026Q3,142159.0,34.1033530973794,121.20246432425895
base,NBC,business,2026Q4,142159.0,32.67916064726696,116.14091996137061
base,NBC,business,2027Q1,142159.0,31.557018277198427,112.15285403170628
base,NBC,business,2027Q2,142159.0,31.52851546220422,112.05155573978723
base,NBC,business,2027Q3,142159.0,30.929565688707584,109.92290321852452
base,NBC,business,2027Q4,142159.0,30.38963864918474,108.00401601823634
base,NBC,business,2028Q1,142159.0,29.97837298978527,106.54238814637212
base,NBC,business,2028Q2,142159.0,29.737327807857916,105.68571959593183
base,NBC,business,2028Q3,142159.0,29.688537458256732,105.51231991320796
base,NBC,consumer,2026Q3,19781.0,132.98299152935238,65.76341388605297
base,NBC,consumer,2026Q4,19781.0,129.5428393441569,64.0621726266692
base,NBC,consumer,2027Q1,19781.0,127.57288437083878,63.08798064348905
base,NBC,consumer,2027Q2,19781.0,126.49985476786242,62.55734067907716
base,NBC,consumer,2027Q3,19781.0,125.48631135613235,62.05611812339135
base,NBC,consumer,2027Q4,19781.0,124.61220368994483,61.623850029769976
base,NBC,consumer,2028Q1,19781.0,123.96683662167462,61.304699880333644
base,NBC,consumer,2028Q2,19781.0,123.61918608377596,61.132777998079305
base,NBC,consumer,2028Q3,19781.0,123.6056706328076,61.12609426968918
base,NBC,mortgage,2026Q3,123526.0,2.82267091416472,8.71683118357778
base,NBC,mortgage,2026Q4,123526.0,2.571732583537804,7.94189597785227
base,NBC,mortgage,2027Q1,123526.0,2.4247266972653616,7.487919750160026
base,NBC,mortgage,2027Q2,123526.0,2.3264682633150553,7.184482967356388
base,NBC,mortgage,2027Q3,123526.0,2.259399467026929,6.97736446409921
base,NBC,mortgage,2027Q4,123526.0,2.208313387475112,6.819602987531267
base,NBC,mortgage,2028Q1,123526.0,2.1725243887491343,6.709081191115638
base,NBC,mortgage,2028Q2,123526.0,2.15366655188308,6.6508453621977335
base,NBC,mortgage,2028Q3,123526.0,2.1528126992576184,6.648208537212414
base,RY,business,2026Q3,216654.0,38.292104689318634,207.403441233991
base,RY,business,2026Q4,216654.0,36.74579672705198,199.02809610256804
base,RY,business,2027Q1,216654.0,35.62142445396499,192.9381023412333
base,RY,business,2027Q2,216654.0,35.59288091959465,192.78350056884648
base,RY,business,2027Q3,216654.0,34.9939304025376,189.53937493578456
base,RY,business,2027Q4,216654.0,34.4540033494369,186.61494104172257
base,RY,business,2028Q1,216654.0,34.04273768978949,184.38738228609134
base,RY,business,2028Q2,216654.0,33.80169250785761,183.08179721493457
base,RY,business,2028Q3,216654.0,33.75290215825635,182.81753160487176
base,RY,consumer,2026Q3,82539.0,173.58876658546305,358.19608012993837
base,RY,consumer,2026Q4,82539.0,167.1039666511,344.8148575853785
base,RY,consumer,2027Q1,82539.0,164.20991709144428,338.84305867026796
base,RY,consumer,2027Q2,82539.0,162.85641142855854,336.05013357254484
base,RY,consumer,2027Q3,82539.0,161.75773947983095,333.78305147314416
base,RY,consumer,2027Q4,82539.0,160.85779407257672,331.92603662391025
base,RY,consumer,2028Q1,82539.0,160.20458487654332,330.57815577812516
base,RY,consumer,2028Q2,82539.0,159.85455413955157,329.8558761031112
base,RY,consumer,2028Q3,82539.0,159.84031626376515,329.82649660237274
base,RY,mortgage,2026Q3,512975.0,2.909620170108338,37.31406016903311
base,RY,mortgage,2026Q4,512975.0,2.7841342911419034,35.70478219996295
base,RY,mortgage,2027Q1,512975.0,2.677899259020341,34.34238430989899
base,RY,mortgage,2027Q2,512975.0,2.5928909650728067,33.252206070205574
base,RY,mortgage,2027Q3,512975.0,2.5301283383204805,32.44731460874871
base,RY,mortgage,2027Q4,512975.0,2.4804417229303377,31.81011482050475
base,RY,mortgage,2028Q1,512975.0,2.4451075367526185,31.356975966641865
base,RY,mortgage,2028Q2,512975.0,2.4263975096409824,31.117031562702074
base,RY,mortgage,2028Q3,512975.0,2.4255916937805235,31.106697477926602
base,TD,business,2026Q3,182267.0,31.889706624640176,145.31102893383226
base,TD,business,2026Q4,182267.0,30.477895525657793,138.87786459437672
base,TD,business,2027Q1,182267.0,29.355979246540116,133.76565673322818
base,TD,business,2027Q2,182267.0,29.327480560103247,133.63579748120844
base,TD,business,2027Q3,182267.0,28.72853086199656,130.9065783655882
base,TD,business,2027Q4,182267.0,28.188603823850386,128.44630632904347
base,TD,business,2028Q1,182267.0,27.777338164476056,126.57230238061393
base,TD,business,2028Q2,182267.0,27.536292982549156,125.47393782625717
base,TD,business,2028Q3,182267.0,27.48750263294798,125.25161605998824
base,TD,consumer,2026Q3,77880.0,169.71275567209966,330.43073529357804
base,TD,consumer,2026Q4,77880.0,164.20681853995382,319.71067569729007
base,TD,consumer,2027Q1,77880.0,161.60986798511516,314.6544129670192
base,TD,consumer,2027Q2,77880.0,160.34653616320423,312.19470590975857
base,TD,consumer,2027Q3,77880.0,159.27523327820387,310.1088791926629
base,TD,consumer,2027Q4,77880.0,158.38359477726763,308.3728590313401
base,TD,consumer,2028Q1,77880.0,157.73290684733462,307.10596963176044
base,TD,consumer,2028Q2,77880.0,157.38364135103606,306.4259497104672
base,TD,consumer,2028Q3,77880.0,157.36963573685756,306.3986807796617
base,TD,mortgage,2026Q3,422214.0,2.026232913749545,21.387597586146263
base,TD,mortgage,2026Q4,422214.0,2.008939123681506,21.205055579151583
base,TD,mortgage,2027Q1,422214.0,1.9378654919022305,20.45484851995021
base,TD,mortgage,2027Q2,422214.0,1.864284318797067,19.67817348441462
base,TD,mortgage,2027Q3,422214.0,1.8052353976843059,19.054891454947036
base,TD,mortgage,2027Q4,422214.0,1.7567557013219381,18.543171291948518
base,TD,mortgage,2028Q1,422214.0,1.7218137523544292,18.174346790914324
base,TD,mortgage,2028Q2,422214.0,1.70323119860723,17.978201432218825
base,TD,mortgage,2028Q3,422214.0,1.7024668103783622,17.970133046927245
adverse,BMO,business,2026Q3,155850.0,39.714302971991536,154.736852954622
adverse,BMO,business,2026Q4,155850.0,50.51708149749033,196.8271787845967
adverse,BMO,business,2027Q1,155850.0,66.82754197661194,260.3768104263742
adverse,BMO,business,2027Q2,155850.0,83.27132145105506,324.44588620367324
adverse,BMO,business,2027Q3,155850.0,88.70297167480142,345.608953387945
adverse,BMO,business,2027Q4,155850.0,80.89118631700684,315.17228468763784
adverse,BMO,business,2028Q1,155850.0,74.03466386317291,288.45755907688743
adverse,BMO,business,2028Q2,155850.0,67.72093354971271,263.8576873430682
adverse,BMO,business,2028Q3,155850.0,62.41381530472215,243.17982788102364
adverse,BMO,consumer,2026Q3,82126.0,139.2001215207669,285.7987295003626
adverse,BMO,consumer,2026Q4,82126.0,149.248894025734,306.43036676893576
adverse,BMO,consumer,2027Q1,82126.0,162.99405282144315,334.65123955034596
adverse,BMO,consumer,2027Q2,82126.0,170.0726805388021,349.1847240482416
adverse,BMO,consumer,2027Q3,82126.0,167.9511585521716,344.8289211813911
adverse,BMO,consumer,2027Q4,82126.0,158.3587666421468,325.1343017313237
adverse,BMO,consumer,2028Q1,82126.0,151.8784895923498,311.82932090653304
adverse,BMO,consumer,2028Q2,82126.0,146.5192648248766,300.8260285751953
adverse,BMO,consumer,2028Q3,82126.0,141.88279277483355,291.3066559856495
adverse,BMO,mortgage,2026Q3,164183.0,3.8568587336099913,15.83076593650723
adverse,BMO,mortgage,2026Q4,164183.0,3.9987746927605565,16.41327063453766
adverse,BMO,mortgage,2027Q1,164183.0,4.9581544133899875,20.35111665134021
adverse,BMO,mortgage,2027Q2,164183.0,6.103305500715728,25.051475175600263
adverse,BMO,mortgage,2027Q3,164183.0,6.629311531651952,27.21050638003031
adverse,BMO,mortgage,2027Q4,164183.0,6.232703610377528,25.58259942156534
adverse,BMO,mortgage,2028Q1,164183.0,5.843299783139724,23.98426220738073
adverse,BMO,mortgage,2028Q2,164183.0,5.41790093719403,22.238180739283187
adverse,BMO,mortgage,2028Q3,164183.0,4.984732418791566,20.46020806786139
adverse,BNS,business,2026Q3,97200.0,42.30835516643373,102.80930305443394
adverse,BNS,business,2026Q4,97200.0,53.11411796553913,129.0673066562601
adverse,BNS,business,2027Q1,97200.0,69.4246329392995,168.7018580424978
adverse,BNS,business,2027Q2,97200.0,85.86841340884766,208.6602445834998
adverse,BNS,business,2027Q3,97200.0,91.30006365076522,221.85915467135953
adverse,BNS,business,2027Q4,97200.0,83.48827829330247,202.87651625272497
adverse,BNS,business,2028Q1,97200.0,76.63175583947461,186.21516668992325
adverse,BNS,business,2028Q2,97200.0,70.31802552601451,170.87280202821526
adverse,BNS,business,2028Q3,97200.0,65.01090728102395,157.9765046928882
adverse,BNS,consumer,2026Q3,84000.0,150.02964635831137,315.0622573524538
adverse,BNS,consumer,2026Q4,84000.0,160.92891933180323,337.9507305967868
adverse,BNS,consumer,2027Q1,84000.0,174.9322173092474,367.35765634941947
adverse,BNS,consumer,2027Q2,84000.0,182.08919399831518,382.3873073964619
adverse,BNS,consumer,2027Q3,84000.0,179.99145205672306,377.98204931911846
adverse,BNS,consumer,2027Q4,84000.0,170.40627773398364,357.8531832413657
adverse,BNS,consumer,2028Q1,84000.0,163.9281913262203,344.24920178506255
adverse,BNS,consumer,2028Q2,84000.0,158.5696314502585,332.99622604554287
adverse,BNS,consumer,2028Q3,84000.0,153.93336120439676,323.26005852923316
adverse,BNS,mortgage,2026Q3,294100.0,3.3568546216938793,24.681273606004247
adverse,BNS,mortgage,2026Q4,294100.0,4.0329998957718995,29.652631733662886
adverse,BNS,mortgage,2027Q1,294100.0,5.165999064995121,37.98300812537663
adverse,BNS,mortgage,2027Q2,294100.0,6.367574822565895,46.817593882915745
adverse,BNS,mortgage,2027Q3,294100.0,6.9119183349193625,50.81987955749461
adverse,BNS,mortgage,2027Q4,294100.0,6.521269920776615,47.947637092510064
adverse,BNS,mortgage,2028Q1,294100.0,6.1338028767013615,45.09878565094676
adverse,BNS,mortgage,2028Q2,294100.0,5.709033466871082,41.97566856516963
adverse,BNS,mortgage,2028Q3,294100.0,5.276069509222266,38.79230106655671
adverse,CM,business,2026Q3,121039.0,35.82219489691377,108.39706620318864
adverse,CM,business,2026Q4,121039.0,46.69598660209272,141.3008880582675
adverse,CM,business,2027Q1,121039.0,63.007743824772334,190.65985762016544
adverse,CM,business,2027Q2,121039.0,79.45154697853614,240.4183948683759
adverse,CM,business,2027Q3,121039.0,84.88319763468121,256.8544339626045
adverse,CM,business,2027Q4,121039.0,77.0714122847825,233.21616678844467
adverse,CM,business,2028Q1,121039.0,70.21488983109275,212.46850125664088
adverse,CM,business,2028Q2,121039.0,63.901159517635186,193.36331117137615
adverse,CM,business,2028Q3,121039.0,58.59404127264466,177.30410403999093
adverse,CM,consumer,2026Q3,69354.6,175.08586890186442,303.57526008353113
adverse,CM,consumer,2026Q4,69354.6,183.80377683687783,318.6909355252732
adverse,CM,consumer,2027Q1,69354.6,197.14499900491668,341.82281369965983
adverse,CM,consumer,2027Q2,69354.6,204.10102611898563,353.883625651795
adverse,CM,consumer,2027Q3,69354.6,201.9422930777058,350.14067398717646
adverse,CM,consumer,2027Q4,69354.6,192.33860707490376,333.489178955928
adverse,CM,consumer,2028Q1,69354.6,185.8549021047518,322.2473098378555
adverse,CM,consumer,2028Q2,69354.6,180.49463691391816,312.95333363275074
adverse,CM,consumer,2028Q3,69354.6,175.85784908035134,304.91376949570343
adverse,CM,mortgage,2026Q3,284209.4,3.718617919714345,26.42165419478156
adverse,CM,mortgage,2026Q4,284209.4,4.198606515669502,29.83208596636299
adverse,CM,mortgage,2027Q1,284209.4,5.267856629305411,37.42935929752284
adverse,CM,mortgage,2027Q2,284209.4,6.448714549853434,45.81963232462787
adverse,CM,mortgage,2027Q3,284209.4,6.98632496213276,49.63948064231936
adverse,CM,mortgage,2027Q4,284209.4,6.593488354475477,46.84828422831156
adverse,CM,mortgage,2028Q1,284209.4,6.205310168310498,44.09018699373564
adverse,CM,mortgage,2028Q2,284209.4,5.780309644061671,41.07045839382453
adverse,CM,mortgage,2028Q3,284209.4,5.347270576423963,37.99361405407772
adverse,NBC,business,2026Q3,142159.0,38.83203250719077,138.0080727297433
adverse,NBC,business,2026Q4,142159.0,49.84453508017933,177.1462315615803
adverse,NBC,business,2027Q1,142159.0,66.15882524709644,235.1268109575496
adverse,NBC,business,2027Q2,142159.0,82.6026746539521,293.56784065327946
adverse,NBC,business,2027Q3,142159.0,88.03432615470658,312.87179429567334
adverse,NBC,business,2027Q4,142159.0,80.22254082023093,285.1089045115802
adverse,NBC,business,2028Q1,142159.0,73.36601836682283,260.7409951252291
adverse,NBC,business,2028Q2,142159.0,67.0522880533704,238.3021554344771
adverse,NBC,business,2028Q3,142159.0,61.74516980837997,219.44078986973722
adverse,NBC,consumer,2026Q3,19781.0,139.1928525378906,68.83434540130033
adverse,NBC,consumer,2026Q4,19781.0,151.61360853301176,74.97671975978764
adverse,NBC,consumer,2027Q1,19781.0,166.07869859260288,82.13006842150693
adverse,NBC,consumer,2027Q2,19781.0,173.37583585139248,85.73868522440986
adverse,NBC,consumer,2027Q3,19781.0,171.32063466799917,84.7223368591923
adverse,NBC,consumer,2027Q4,19781.0,161.7483720800774,79.98861370290027
adverse,NBC,consumer,2028Q1,19781.0,155.27420457040276,76.78697601517842
adverse,NBC,consumer,2028Q2,19781.0,149.9168341366381,74.13762240142096
adverse,NBC,consumer,2028Q3,19781.0,145.28092490367032,71.84504938798757
adverse,NBC,mortgage,2026Q3,123526.0,3.066728568151571,9.470517827737275
adverse,NBC,mortgage,2026Q4,123526.0,3.5816572283968684,11.06069476987379
adverse,NBC,mortgage,2027Q1,123526.0,4.662262530762378,14.397766034373838
adverse,NBC,mortgage,2027Q2,123526.0,5.846810779697152,18.05582870932176
adverse,NBC,mortgage,2027Q3,123526.0,6.385620513619329,19.71975398913353
adverse,NBC,mortgage,2027Q4,123526.0,5.993173674094382,18.507819281654562
adverse,NBC,mortgage,2028Q1,123526.0,5.605122158867003,17.309457994905134
adverse,NBC,mortgage,2028Q2,123526.0,5.180162801468674,15.997119755355484
adverse,NBC,mortgage,2028Q3,123526.0,4.7471371126660165,14.65987147447956
adverse,RY,business,2026Q3,216654.0,43.020784099130005,233.01562395532278
adverse,RY,business,2026Q4,216654.0,53.91117115996434,292.0017719122729
adverse,RY,business,2027Q1,216654.0,70.22323142386301,380.3535995226404
adverse,RY,business,2027Q2,216654.0,86.66704011134254,469.41902270707016
adverse,RY,business,2027Q3,216654.0,92.0986908685366,498.8387442857982
adverse,RY,business,2027Q4,216654.0,84.28690552048309,456.52738071586856
adverse,RY,business,2028Q1,216654.0,77.43038306682705,419.39005532400864
adverse,RY,business,2028Q2,216654.0,71.1166527533701,385.19268214071616
adverse,RY,business,2028Q3,216654.0,65.80953450837958,356.44747223446177
adverse,RY,consumer,2026Q3,82539.0,179.7986275940013,371.0099730745318
adverse,RY,consumer,2026Q4,82539.0,189.17473583995485,390.3573380373508
adverse,RY,consumer,2027Q1,82539.0,202.71573131320838,418.2988436715226
adverse,RY,consumer,2027Q2,82539.0,209.73239251208864,432.7775486388821
adverse,RY,consumer,2027Q3,82539.0,207.59206279169777,428.36103176909853
adverse,RY,consumer,2027Q4,82539.0,197.99396246270928,408.55559169273903
adverse,RY,consumer,2028Q1,82539.0,191.51195282527146,395.180126856127
adverse,RY,consumer,2028Q2,82539.0,186.1522021924137,384.1204154189909
adverse,RY,consumer,2028Q3,82539.0,181.51557053462784,374.5528419089412
adverse,RY,mortgage,2026Q3,512975.0,3.153677824095189,40.44394704538074
adverse,RY,mortgage,2026Q4,512975.0,3.794058936000968,48.65643456737741
adverse,RY,mortgage,2027Q1,512975.0,4.915435092517358,63.0373829146023
adverse,RY,mortgage,2027Q2,512975.0,6.113233481454904,78.39839862873322
adverse,RY,mortgage,2027Q3,512975.0,6.65634938491288,85.36352064314212
adverse,RY,mortgage,2027Q4,512975.0,6.2653020095496075,80.34858245871774
adverse,RY,mortgage,2028Q1,512975.0,5.877705306870488,75.37789699479721
adverse,RY,mortgage,2028Q2,512975.0,5.452893759226576,69.92995440348133
adverse,RY,mortgage,2028Q3,512975.0,5.019916107188922,64.37728662713093
adverse,TD,business,2026Q3,182267.0,36.61838603445154,166.85808418353446
adverse,TD,business,2026Q4,182267.0,47.64326995857015,217.09489713846764
adverse,TD,business,2027Q1,182267.0,63.95778621643814,291.4348455077882
adverse,TD,business,2027Q2,182267.0,80.40163975185114,366.3641418162663
adverse,TD,business,2027Q3,182267.0,85.83329132799555,391.1144127619941
adverse,TD,business,2027Q4,182267.0,78.02150599489657,355.51864582929534
adverse,TD,business,2028Q1,182267.0,71.1649835415136,324.2757013790265
adverse,TD,business,2028Q2,182267.0,64.85125322806165,295.5060843029778
adverse,TD,business,2028Q3,182267.0,59.544134983071224,271.32327127398605
adverse,TD,consumer,2026Q3,77880.0,175.92261668063787,342.52133467720193
adverse,TD,consumer,2026Q4,77880.0,186.27758772880867,362.6824633079905
adverse,TD,consumer,2027Q1,77880.0,200.11568220687923,389.6252332567939
adverse,TD,consumer,2027Q2,77880.0,207.2225172467343,403.4622410793917
adverse,TD,consumer,2027Q3,77880.0,205.10955659007072,399.34830668086767
adverse,TD,consumer,2027Q4,77880.0,195.51976316740019,380.6769788869281
adverse,TD,consumer,2028Q1,77880.0,189.04027479606276,368.0614150279341
adverse,TD,consumer,2028Q2,77880.0,183.68128940389818,357.6274704693898
adverse,TD,consumer,2028Q3,77880.0,179.04489000772026,348.60040084503134
adverse,TD,mortgage,2026Q3,422214.0,2.2702905677363967,23.963711544156375
adverse,TD,mortgage,2026Q4,422214.0,3.0188637685405704,31.86516367926471
adverse,TD,mortgage,2027Q1,422214.0,4.175401325399248,44.07282238005295
adverse,TD,mortgage,2027Q2,422214.0,5.384626835179164,56.83662086470839
adverse,TD,mortgage,2027Q3,422214.0,5.931456444276706,62.60859877909613
adverse,TD,mortgage,2027Q4,422214.0,5.541615987941208,58.49369631831522
adverse,TD,mortgage,2028Q1,422214.0,5.154411522472298,54.40661766372797
adverse,TD,mortgage,2028Q2,422214.0,4.729727448192824,49.92392862028212
adverse,TD,mortgage,2028Q3,422214.0,4.2967912237867605,45.35413524399758
stagflation,BMO,business,2026Q3,155850.0,39.452571435085936,153.7170814539536
stagflation,BMO,business,2026Q4,155850.0,49.910253310384206,194.4628244605845
stagflation,BMO,business,2027Q1,155850.0,70.45638677572916,274.5156969749347
stagflation,BMO,business,2027Q2,155850.0,100.01759902471872,389.6935702000603
stagflation,BMO,business,2027Q3,155850.0,124.67279902185271,485.75639318889364
stagflation,BMO,business,2027Q4,155850.0,132.78531710693932,517.3647917779123
stagflation,BMO,business,2028Q1,155850.0,117.61329195784606,458.2507887907577
stagflation,BMO,business,2028Q2,155850.0,104.73449619214304,408.0717807886374
stagflation,BMO,business,2028Q3,155850.0,93.32559945314505,363.61986686931635
stagflation,BMO,consumer,2026Q3,82126.0,138.8270940850648,285.0328482207508
stagflation,BMO,consumer,2026Q4,82126.0,148.50994560400645,304.9131948168658
stagflation,BMO,consumer,2027Q1,82126.0,171.72719333465528,352.58168699504745
stagflation,BMO,consumer,2027Q2,82126.0,203.16907858877192,417.13659370453706
stagflation,BMO,consumer,2027Q3,82126.0,226.43328009662252,464.9014890303805
stagflation,BMO,consumer,2027Q4,82126.0,232.39758420909632,477.1471000189061
stagflation,BMO,consumer,2028Q1,82126.0,220.2988378638902,452.3065589602462
stagflation,BMO,consumer,2028Q2,82126.0,210.4790965423812,432.14515706598996
stagflation,BMO,consumer,2028Q3,82126.0,201.76039436472433,414.24435368993375
stagflation,BMO,mortgage,2026Q3,164183.0,3.840955285985355,15.76548904297334
stagflation,BMO,mortgage,2026Q4,164183.0,3.962280177982516,16.263476161542584
stagflation,BMO,mortgage,2027Q1,164183.0,5.12226339716265,21.024714283408883
stagflation,BMO,mortgage,2027Q2,164183.0,7.035626671435335,28.878257344906686
stagflation,BMO,mortgage,2027Q3,164183.0,12.29228454960843,50.45460385520903
stagflation,BMO,mortgage,2027Q4,164183.0,17.033823177865507,69.91660477028732
stagflation,BMO,mortgage,2028Q1,164183.0,16.352784687952585,67.12123121055299
stagflation,BMO,mortgage,2028Q2,164183.0,14.556576846531385,59.74856140985156
stagflation,BMO,mortgage,2028Q3,164183.0,12.87308941957647,52.838561004358084
stagflation,BNS,business,2026Q3,97200.0,42.04662362952813,102.17329541975334
stagflation,BNS,business,2026Q4,97200.0,52.507289778433005,127.59271416159221
stagflation,BNS,business,2027Q1,97200.0,73.05347773841673,177.51995090435264
stagflation,BNS,business,2027Q2,97200.0,102.61469098251132,249.35369908750252
stagflation,BNS,business,2027Q3,97200.0,127.26989099781653,309.26583512469415
stagflation,BNS,business,2027Q4,97200.0,135.38240908323493,328.9792540722609
stagflation,BNS,business,2028Q1,97200.0,120.21038393414776,292.111232959979
stagflation,BNS,business,2028Q2,97200.0,107.33158816844485,260.815759249321
stagflation,BNS,business,2028Q3,97200.0,95.92269142944684,233.09214017355583
stagflation,BNS,consumer,2026Q3,84000.0,149.6566189226092,314.2788997374794
stagflation,BNS,consumer,2026Q4,84000.0,160.18997091007571,336.398938911159
stagflation,BNS,consumer,2027Q1,84000.0,183.6653578224595,385.69725142716493
stagflation,BNS,consumer,2027Q2,84000.0,215.185592048285,451.88974330139854
stagflation,BNS,consumer,2027Q3,84000.0,238.473573601174,500.7945045624655
stagflation,BNS,consumer,2027Q4,84000.0,244.4450953009332,513.3347001319596
stagflation,BNS,consumer,2028Q1,84000.0,232.34853959776066,487.93193315529743
stagflation,BNS,consumer,2028Q2,84000.0,222.52946316776314,467.31187265230255
stagflation,BNS,consumer,2028Q3,84000.0,213.81096279428752,449.00302186800377
stagflation,BNS,mortgage,2026Q3,294100.0,3.3409511740692426,24.564343507344105
stagflation,BNS,mortgage,2026Q4,294100.0,3.9965053809938587,29.384305813757344
stagflation,BNS,mortgage,2027Q1,294100.0,5.330108048767783,39.189619428565116
stagflation,BNS,mortgage,2027Q2,294100.0,7.299895993285501,53.67248529063164
stagflation,BNS,mortgage,2027Q3,294100.0,12.574891352875841,92.45688867201963
stagflation,BNS,mortgage,2027Q4,294100.0,17.322389488264594,127.36286871246543
stagflation,BNS,mortgage,2028Q1,294100.0,16.643287781514225,122.36977341358333
stagflation,BNS,mortgage,2028Q2,294100.0,14.847709376208437,109.16778318857253
stagflation,BNS,mortgage,2028Q3,294100.0,13.16442651000717,96.7914459148277
stagflation,CM,business,2026Q3,121039.0,35.56046336000817,107.60507311580074
stagflation,CM,business,2026Q4,121039.0,46.0891584149866,139.46464113478908
stagflation,CM,business,2027Q1,121039.0,66.63658862388955,201.64065126117418
stagflation,CM,business,2027Q2,121039.0,96.19782455219982,291.0922121493428
stagflation,CM,business,2027Q3,121039.0,120.8530249817325,365.69823226909796
stagflation,CM,business,2027Q4,121039.0,128.96554307471496,390.2465092055106
stagflation,CM,business,2028Q1,121039.0,113.7935179257659,344.33634040541943
stagflation,CM,business,2028Q2,121039.0,100.91472216006552,305.3654263883043
stagflation,CM,business,2028Q3,121039.0,89.50582542106756,270.84239007851494
stagflation,CM,consumer,2026Q3,69354.6,174.71284146616227,302.92848086872755
stagflation,CM,consumer,2026Q4,69354.6,183.06482841515026,317.40969872003456
stagflation,CM,consumer,2027Q1,69354.6,205.87813951812882,356.96490037560045
stagflation,CM,consumer,2027Q2,69354.6,237.19742416895542,411.26831185670596
stagflation,CM,consumer,2027Q3,69354.6,260.42441462215675,451.5407776588459
stagflation,CM,consumer,2027Q4,69354.6,266.3774246418533,461.86249337664697
stagflation,CM,consumer,2028Q1,69354.6,254.27525037629218,440.8789569936899
stagflation,CM,consumer,2028Q2,69354.6,244.45446863142277,423.8510472536219
stagflation,CM,consumer,2028Q3,69354.6,235.73545067024213,408.7334471763594
stagflation,CM,mortgage,2026Q3,284209.4,3.702714472089709,26.308656462098327
stagflation,CM,mortgage,2026Q4,284209.4,4.162112000891461,29.57278386265404
stagflation,CM,mortgage,2027Q1,284209.4,5.431965613078074,38.595392192838794
stagflation,CM,mortgage,2027Q2,284209.4,7.38103572057304,52.44399333806578
stagflation,CM,mortgage,2027Q3,284209.4,12.649297980089239,89.87623473355937
stagflation,CM,mortgage,2027Q4,284209.4,17.394607921963456,123.59277701841204
stagflation,CM,mortgage,2028Q1,284209.4,16.71479507312336,118.76254697138367
stagflation,CM,mortgage,2028Q2,284209.4,14.918985553399025,106.00289831850513
stagflation,CM,mortgage,2028Q3,284209.4,13.235627577208867,94.04224430854964
stagflation,NBC,business,2026Q3,142159.0,38.57030097028517,137.07788539086923
stagflation,NBC,business,2026Q4,142159.0,49.237706893073195,174.98957935530981
stagflation,NBC,business,2027Q1,142159.0,69.78767004621366,248.02363465249218
stagflation,NBC,business,2027Q2,142159.0,99.34895222761578,353.0836924931408
stagflation,NBC,business,2027Q3,142159.0,124.00415350175787,440.70766144140987
stagflation,NBC,business,2027Q4,142159.0,132.1166716101634,469.53934798573044
stagflation,NBC,business,2028Q1,142159.0,116.94464646149598,415.61834990799514
stagflation,NBC,business,2028Q2,142159.0,104.06585069580073,369.8474317266084
stagflation,NBC,business,2028Q3,142159.0,92.65695395680288,329.3004979386285
stagflation,NBC,consumer,2026Q3,19781.0,138.81982510218845,68.64987400865974
stagflation,NBC,consumer,2026Q4,19781.0,150.87466011128424,74.61129129153284
stagflation,NBC,consumer,2027Q1,19781.0,174.811839105815,86.44882473380315
stagflation,NBC,consumer,2027Q2,19781.0,206.4722339013623,102.1056814700712
stagflation,NBC,consumer,2027Q3,19781.0,229.80275621245013,113.6432080159619
stagflation,NBC,consumer,2027Q4,19781.0,235.78718964702688,116.60265996019596
stagflation,NBC,consumer,2028Q1,19781.0,223.69455284194314,110.62254874416192
stagflation,NBC,consumer,2028Q2,19781.0,213.87666585414271,105.76735818151994
stagflation,NBC,consumer,2028Q3,19781.0,205.1585264935611,101.45602031422831
stagflation,NBC,mortgage,2026Q3,123526.0,3.0508251205269348,9.421405595955253
stagflation,NBC,mortgage,2026Q4,123526.0,3.545162713618828,10.947994234061984
stagflation,NBC,mortgage,2027Q1,123526.0,4.82637151453504,14.904559192611387
stagflation,NBC,mortgage,2027Q2,123526.0,6.779131950416758,20.93497633267951
stagflation,NBC,mortgage,2027Q3,123526.0,12.048593531575808,37.20786411453583
stagflation,NBC,mortgage,2027Q4,123526.0,16.79429324158236,51.86329667399257
stagflation,NBC,mortgage,2028Q1,123526.0,16.114607063679866,49.76432380370298
stagflation,NBC,mortgage,2028Q2,123526.0,14.318838710806029,44.21872176477564
stagflation,NBC,mortgage,2028Q3,123526.0,12.635494113450921,39.020301146453455
stagflation,RY,business,2026Q3,216654.0,42.759052562224404,231.59799434540415
stagflation,RY,business,2026Q4,216654.0,53.30434297285822,288.71497806104065
stagflation,RY,business,2027Q1,216654.0,73.85207622298023,400.00869305033893
stagflation,RY,business,2027Q2,216654.0,103.4133176850062,560.1227232431834
stagflation,RY,business,2027Q3,216654.0,128.0685182155879,693.6639186369995
stagflation,RY,business,2027Q4,216654.0,136.18103631041555,737.6041560199193
stagflation,RY,business,2028Q1,216654.0,121.0090111615002,655.4271576045916
stagflation,RY,business,2028Q2,216654.0,108.13021539580043,585.6710921590437
stagflation,RY,business,2028Q3,216654.0,96.72131865680248,523.8765143067722
stagflation,RY,consumer,2026Q3,82539.0,179.42560015829912,370.2402402866463
stagflation,RY,consumer,2026Q4,82539.0,188.43578741822733,388.8325364428266
stagflation,RY,consumer,2027Q1,82539.0,211.4488718264205,436.31946079202305
stagflation,RY,consumer,2027Q2,82539.0,242.82879056205846,501.07113860504353
stagflation,RY,consumer,2027Q3,82539.0,266.07418433614873,549.0374275230345
stagflation,RY,consumer,2027Q4,82539.0,272.03278002965874,561.3328407717001
stagflation,RY,consumer,2028Q1,82539.0,259.93230109681184,536.3638050057439
stagflation,RY,consumer,2028Q2,82539.0,250.11203390991832,516.0999291722687
stagflation,RY,consumer,2028Q3,82539.0,241.39317212451863,498.10877584964106
stagflation,RY,mortgage,2026Q3,512975.0,3.137774376470553,40.23999526924955
stagflation,RY,mortgage,2026Q4,512975.0,3.757564421222927,48.18841522442078
stagflation,RY,mortgage,2027Q1,512975.0,5.07954407629002,65.14197806337182
stagflation,RY,mortgage,2027Q2,512975.0,7.045554652174509,90.35483494248047
stagflation,RY,mortgage,2027Q3,512975.0,12.319322402869359,157.98761024029773
stagflation,RY,mortgage,2027Q4,512975.0,17.066421577037588,218.8661902120214
stagflation,RY,mortgage,2028Q1,512975.0,16.38719021168335,210.15547247095668
stagflation,RY,mortgage,2028Q2,512975.0,14.591569668563931,187.12776126828956
stagflation,RY,mortgage,2028Q3,512975.0,12.908273107973825,165.54053493907182
stagflation,TD,business,2026Q3,182267.0,36.35665449754594,165.66545863260515
stagflation,TD,business,2026Q4,182267.0,47.036441771464034,214.32977830898588
stagflation,TD,business,2027Q1,182267.0,67.58663101555535,307.9703118828057
stagflation,TD,business,2027Q2,182267.0,97.14791732551481,442.6714861792402
stagflation,TD,business,2027Q3,182267.0,121.80311867504685,555.017225788619
stagflation,TD,business,2027Q4,182267.0,129.91563678482905,591.9833342465108
stagflation,TD,business,2028Q1,182267.0,114.74361163618676,522.8493465523213
stagflation,TD,business,2028Q2,182267.0,101.86481587049198,464.164859856674
stagflation,TD,business,2028Q3,182267.0,90.45591913149413,412.178225308501
stagflation,TD,consumer,2026Q3,77880.0,175.54958924493576,341.7950502598899
stagflation,TD,consumer,2026Q4,77880.0,185.53863930708116,361.24373073088697
stagflation,TD,consumer,2027Q1,77880.0,208.8488227200914,406.62865783601785
stagflation,TD,consumer,2027Q2,77880.0,240.31891529670412,467.90092808268287
stagflation,TD,consumer,2027Q3,77880.0,263.59167813452166,513.2129973279136
stagflation,TD,consumer,2027Q4,77880.0,269.5585807343497,524.8305566897789
stagflation,TD,consumer,2028Q1,77880.0,257.46062306760314,501.27583311262333
stagflation,TD,consumer,2028Q2,77880.0,247.64112112140282,482.1572628233713
stagflation,TD,consumer,2028Q3,77880.0,238.92249159761104,465.18209114054866
stagflation,TD,mortgage,2026Q3,422214.0,2.25438712011176,23.79584508827167
stagflation,TD,mortgage,2026Q4,422214.0,2.9823692537625295,31.479951302702318
stagflation,TD,mortgage,2027Q1,422214.0,4.339510309171909,45.80505014191772
stagflation,TD,mortgage,2027Q2,422214.0,6.3169480058987695,66.67759713406357
stagflation,TD,mortgage,2027Q3,422214.0,11.594429462233185,122.38326102418306
stagflation,TD,mortgage,2027Q4,422214.0,16.342735555429186,172.50329374499947
stagflation,TD,mortgage,2028Q1,422214.0,15.66389642728516,165.33790915374442
stagflation,TD,mortgage,2028Q2,422214.0,13.868403357530179,146.38585137990617
stagflation,TD,mortgage,2028Q3,422214.0,12.185148224571664,128.6185043122325
