scenario,bank,quarter,ppnr,credit_loss,other_pcl,net_income,dividends,cet1_capital,rwa,cet1_ratio
base,BMO,2026Q3,3827.75,424.19070216622106,200.50000000000003,2354.2485839078277,1174.0,60298.24858390783,457030.785,0.131934763615339
base,BMO,2026Q4,3827.75,403.3303148445656,200.50000000000003,2369.580968589244,1174.0,61493.829552497074,459315.9389249999,0.1338813316524994
base,BMO,2027Q1,3827.75,392.31953010840436,200.50000000000003,2377.673895370323,1174.0,62697.5034478674,461612.51861962484,0.13582279708391318
base,BMO,2027Q2,3827.75,388.9914622308385,200.50000000000003,2380.120025260334,1174.0,63903.623473127736,463920.58121272293,0.1377469033731569
base,BMO,2027Q3,3827.75,384.1128333236415,200.50000000000003,2383.7058175071234,1174.0,65113.32929063486,466240.1841187865,0.13965619332812718
base,BMO,2027Q4,3827.75,379.94637371543735,200.50000000000003,2386.7681653191535,1174.0,66326.097455954,468571.38503938034,0.14154961137966146
base,BMO,2028Q1,3827.75,376.8539513943059,200.50000000000003,2389.041095725185,1174.0,67541.13855167919,470914.2419645772,0.14342555933307222
base,BMO,2028Q2,3827.75,375.11798585759203,200.50000000000003,2390.31703039467,1174.0,68757.45558207386,473268.8131744,0.14528203352528254
base,BMO,2028Q3,3827.75,374.89489070497933,200.50000000000003,2390.48100533184,1174.0,69973.9365874057,475635.157240272,0.14711683003714052
base,BNS,2026Q3,4487.25,416.22700102818186,610.5,2543.4844042442865,1365.5,65685.98440424429,495330.32999999996,0.1326104630100973
base,BNS,2026Q4,4487.25,401.1847228668113,610.5,2554.540478692894,1365.5,66875.02488293718,497806.9816499999,0.13433926671995922
base,BNS,2027Q1,4487.25,392.6464394989503,610.5,2560.8161169682717,1365.5,68070.34099990546,500296.0165582499,0.13606012989707658
base,BNS,2027Q2,4487.25,389.4320603998175,610.5,2563.178685606134,1365.5,69268.0196855116,502797.49664104107,0.13776524375769447
base,BNS,2027Q3,4487.25,385.306396415604,610.5,2566.2110486345305,1365.5,70468.73073414613,505311.4841242462,0.13945602454746356
base,BNS,2027Q4,4487.25,381.76924543431204,610.5,2568.8108546057806,1365.5,71672.0415887519,507838.0415448674,0.14113169106182388
base,BNS,2028Q1,4487.25,379.1475280626106,610.5,2570.737816873981,1365.5,72877.27940562589,510377.2317525917,0.1427910080458949
base,BNS,2028Q2,4487.25,377.69196865624383,610.5,2571.8076530376607,1365.5,74083.58705866354,512929.1179113546,0.14443240687978803
base,BNS,2028Q3,4487.25,377.53844345948164,610.5,2571.920494057281,1365.5,75290.00755272082,515493.7635009113,0.14605415794247087
base,CM,2026Q3,3739.0,411.5839671617031,49.36250000000001,2409.369346636148,961.5,50928.86934663615,371110.31999999995,0.13723377282161314
base,CM,2026Q4,3739.0,392.4384294966226,49.36250000000001,2423.441316819982,961.5,52390.81066345613,372965.8715999999,0.14047079009857627
base,CM,2027Q1,3739.0,382.54572627807494,49.36250000000001,2430.7124536856145,961.5,53860.02311714175,374830.70095799986,0.1436915999129346
base,CM,2027Q2,3739.0,379.28304018376843,49.36250000000001,2433.11052796493,961.5,55331.633645106675,376704.85446278984,0.14688325087823423
base,CM,2027Q3,3739.0,375.0487118538841,49.36250000000001,2436.222759287395,961.5,56806.35640439407,378588.37873510376,0.15004780810808027
base,CM,2027Q4,3739.0,371.47908944129836,49.36250000000001,2438.846431760646,961.5,58283.70283615472,380481.32062877924,0.15318413723920984
base,CM,2028Q1,3739.0,368.84390452286584,49.36250000000001,2440.7832926756932,961.5,59762.98612883042,382383.7272319231,0.15629061038097736
base,CM,2028Q2,3739.0,367.3724277479366,49.36250000000001,2441.864828105266,961.5,61243.35095693568,384295.64586808265,0.159365196081245
base,CM,2028Q3,3739.0,367.19367014425467,49.36250000000001,2441.9962149439725,961.5,62723.84717187966,386217.12409742305,0.16240566059431794
base,NBC,2026Q3,1825.25,195.6827093938897,74.3725,1143.0681710954912,483.25,27518.818171095492,199739.72999999998,0.1377733822464639
base,NBC,2026Q4,1825.25,188.14498856589208,74.3725,1148.6083959040693,483.25,28184.176566999562,200738.42864999996,0.14040249670450713
base,NBC,2027Q1,1825.25,182.72875442535536,74.3725,1152.5893279973639,483.25,28853.515894996926,201742.12079324992,0.14302177344792905
base,NBC,2027Q2,1825.25,181.79337938622078,74.3725,1153.2768286511277,483.25,29523.542723648054,202750.83139721616,0.1456149033776708
base,NBC,2027Q3,1825.25,178.95638580601508,74.3725,1155.3620189325788,483.25,30195.65474258063,203764.5855542022,0.148188924294445
base,NBC,2027Q4,1825.25,176.44746903553758,74.3725,1157.2060727588798,483.25,30869.61081533951,204783.4084819732,0.15074273372130595
base,NBC,2028Q1,1825.25,174.5561692178214,74.3725,1158.5961781249014,483.25,31544.956993464413,205807.32552438305,0.15327421855898476
base,NBC,2028Q2,1825.25,173.46934295620886,74.3725,1159.3949954271864,483.25,32221.101988891598,206836.36215200493,0.15578064540321093
base,NBC,2028Q3,1825.25,173.28662272010956,74.3725,1159.5292948007195,483.25,32897.38128369232,207870.54396276493,0.15825898492662385
base,RY,2026Q3,8274.25,602.9135815329624,204.13,5488.396717573272,2291.75,108152.64671757327,781889.9999999999,0.13832207435518204
base,RY,2026Q4,8274.25,579.5477358879095,204.13,5505.570614122386,2291.75,111366.46733169566,785799.4499999998,0.14172377867113
base,RY,2027Q1,8274.25,566.1235453214002,204.13,5515.437394188771,2291.75,114590.15472588444,789728.4472499997,0.1451007053436044
base,RY,2027Q2,8274.25,562.0858402115969,204.13,5518.405107444476,2291.75,117816.80983332891,793677.0894862496,0.14844426202297487
base,RY,2027Q3,8274.25,555.7697410176775,204.13,5523.0474403520075,2291.75,121048.10727368091,797645.4749336807,0.1517567780143745
base,RY,2027Q4,8274.25,550.3510924861375,204.13,5527.030147022689,2291.75,124283.3874207036,801633.7023083491,0.1550376276132386
base,RY,2028Q1,8274.25,546.3225140308583,204.13,5529.991152187319,2291.75,127521.62857289091,805641.8708198908,0.15828575101628456
base,RY,2028Q2,8274.25,544.0547048807479,204.13,5531.657991912651,2291.75,130761.53656480357,809670.0801739901,0.1614997759787594
base,RY,2028Q3,8274.25,543.7507256851711,204.13,5531.881416621399,2291.75,134001.66798142495,813718.43057486,0.16467817729869785
base,TD,2026Q3,6021.25,497.1293618135566,493.5,3697.5061690670354,1804.0,95093.50616906704,656666.9999999999,0.14481237243392323
base,TD,2026Q4,6021.25,479.79359587081836,493.5,3710.2479570349483,1804.0,96999.754126102,659950.3349999998,0.14698038470743713
base,TD,2027Q1,6021.25,468.87491822019757,493.5,3718.273185108155,1804.0,98914.02731121014,663250.0866749998,0.14913534019586064
base,TD,2027Q2,6021.25,465.50867687538164,493.5,3720.7473724965944,1804.0,100830.77468370674,666566.3371083747,0.15126892714252538
base,TD,2027Q3,6021.25,460.07034901319815,493.5,3724.7445434752995,1804.0,102751.51922718204,669899.1687939165,0.15338355981568902
base,TD,2027Q4,6021.25,455.3623366523321,493.5,3728.204932560536,1804.0,104675.72415974257,673248.664637886,0.15547854701805244
base,TD,2028Q1,6021.25,451.8526188032887,493.5,3730.784575179583,1804.0,106602.50873492216,676614.9079610753,0.15755270461917587
base,TD,2028Q2,6021.25,449.8780889689432,493.5,3732.2358546078267,1804.0,108530.74458952999,679997.9825008806,0.15960450969336434
base,TD,2028Q3,6021.25,449.62042988657714,493.5,3732.425234033366,1804.0,110459.16982356335,683397.9724133849,0.16163227618818132
adverse,BMO,2026Q3,3062.2000000000003,456.36634839149184,215.7082943714284,1756.7421375692536,1174.0,59700.74213756925,459304.57,0.1299807274671124
adverse,BMO,2026Q4,3062.2000000000003,519.6708161880701,258.33416138298975,1678.883341485271,1174.0,60205.62547905452,463897.6157,0.1297821403720884
adverse,BMO,2027Q1,3062.2000000000003,615.3791666280604,314.49752928393144,1567.2576285046864,1174.0,60598.88310755921,468536.591857,0.1293365004158615
adverse,BMO,2027Q2,3062.2000000000003,698.6820854275151,360.125534182254,1472.4933995868198,1174.0,60897.37650714603,473221.95777557004,0.12868670928416043
adverse,BMO,2027Q3,3062.2000000000003,717.6483809493664,374.5995652769873,1447.9147595236304,1174.0,61171.29126666966,477954.17735332577,0.12798568181871756
adverse,BMO,2027Q4,3062.2000000000003,665.8891858405269,351.3937518483048,1503.014040798709,1174.0,61500.30530746836,482733.71912685904,0.12740006109104327
adverse,BMO,2028Q1,3062.2000000000003,624.2711421908012,332.13493860461847,1547.7585306153667,1174.0,61874.063838083726,487561.0563181276,0.12690526250257292
adverse,BMO,2028Q2,3062.2000000000003,586.9218966575468,313.70887218538434,1588.7533849004458,1174.0,62288.81722298417,492436.6668813089,0.12649102191652503
adverse,BMO,2028Q3,3062.2000000000003,554.9466919345346,296.79468696849955,1624.68708650627,1174.0,62739.50430949044,497361.033550122,0.12614479236875684
adverse,BNS,2026Q3,3589.8,442.552834012892,649.1133552063272,1836.1283509238738,1365.5,64978.62835092387,497794.66000000003,0.13053299597654155
adverse,BNS,2026Q4,3589.8,496.67066898670976,755.8050596982753,1717.9333394165362,1365.5,65331.06169034041,502772.60660000006,0.1299415696732997
adverse,BNS,2027Q1,3589.8,574.042522517294,892.5407815846114,1560.5642714850997,1365.5,65526.125961825506,507800.33266600006,0.12903915524790444
adverse,BNS,2027Q2,3589.8,637.8651458628774,999.9604838633084,1434.7011621512536,1365.5,65595.32712397676,512878.3359926601,0.12789646690188045
adverse,BNS,2027Q3,3589.8,650.6610835479726,1030.9421156807725,1402.5246485668727,1365.5,65632.35177254364,518007.1193525867,0.12670164042257173
adverse,BNS,2027Q4,3589.8,608.6773365866007,973.3563361380233,1475.7082505474013,1365.5,65742.56002309103,523187.19054611254,0.1256578165731996
adverse,BNS,2028Q1,3589.8,575.5631541259326,926.7667057975818,1534.290552956217,1365.5,65911.35057604725,528419.0624515737,0.12473310533169422
adverse,BNS,2028Q2,3589.8,545.8446966389278,882.3014915664304,1588.815551669062,1365.5,66134.66612771631,533703.2530760894,0.12391655052978957
adverse,BNS,2028Q3,3589.8,520.028864288678,840.9146860359677,1638.2094905113854,1365.5,66407.3756182277,539040.2856068503,0.12319557070482484
adverse,CM,2026Q3,2991.2000000000003,438.39398048150133,52.57790533180829,1837.6676639272175,961.5,50357.16766392722,372956.64,0.1350215072291707
adverse,CM,2026Q4,2991.2000000000003,489.82390954990365,61.61204132370837,1793.2265761078954,961.5,51188.894240035115,376686.2064,0.1358926697349731
adverse,CM,2027Q1,2991.2000000000003,569.9120306173481,73.53965991218345,1725.5950074607942,961.5,51952.98924749591,380453.068464,0.13655557952849554
adverse,CM,2027Q2,2991.2000000000003,640.1216528447987,83.3098286526117,1666.8098610994034,961.5,52658.29910859532,384257.59914864,0.13703905719825682
adverse,CM,2027Q3,2991.2000000000003,656.6345885921003,86.42377337908428,1652.3841039511794,961.5,53349.1832125465,388100.17514012643,0.1374624043735213
adverse,CM,2027Q4,2991.2000000000003,613.5536299726842,81.52959862445381,1687.645826981104,961.5,54075.329039527605,391981.1768915277,0.1379538922464427
adverse,CM,2028Q1,2991.2000000000003,578.805998088232,77.46179543780187,1716.1751717583652,961.5,54830.004211285974,395900.988660443,0.13849423411850245
adverse,CM,2028Q2,2991.2000000000003,547.3871031979514,73.55041870520628,1742.1429214011794,961.5,55610.647132687154,399859.99854704743,0.1390752946900339
adverse,CM,2028Q3,2991.2000000000003,520.2114875897721,69.93295812006231,1764.775832403272,961.5,56413.92296509042,403858.5985325179,0.13968731424830141
adverse,NBC,2026Q3,1460.2,216.3129359587809,82.21336406995181,853.8301694788817,483.25,27229.580169478882,200733.46,0.1356504300253624
adverse,NBC,2026Q4,1460.2,263.1836460912417,104.03479714298,803.341444222847,483.25,27549.67161370173,202740.7946,0.13588617756015112
adverse,NBC,2027Q1,1460.2,331.6546454134304,134.98688366579108,730.2654761267722,483.25,27796.6870898285,204768.202546,0.13574708741013702
adverse,NBC,2027Q2,1460.2,397.36235458701105,162.56275017440194,661.7020480003614,483.25,27975.139137828864,206815.88457146,0.1352659114931898
adverse,NBC,2027Q3,1460.2,417.3138851439992,173.43151395846348,639.0491316596899,483.25,28130.938269488553,208884.0434171746,0.1346725092510135
adverse,NBC,2027Q4,1460.2,383.605337496135,161.68941452589073,672.4553572638112,483.25,28320.143626752364,210972.88385134636,0.13423594117766824
adverse,NBC,2028Q1,1460.2,354.8374291353127,151.18426817350047,701.3210524780224,483.25,28538.214679230387,213082.61268985982,0.13393028327828677
adverse,NBC,2028Q2,1460.2,328.43689759125357,140.81262285216502,728.3486024740872,483.25,28783.313281704475,215213.43881675843,0.13374310377620877
adverse,NBC,2028Q3,1460.2,305.94571073220436,131.30815878489807,751.8654059049297,483.25,29051.928687609405,217365.573204926,0.13365469176767972
adverse,RY,2026Q3,6619.400000000001,644.4695440752353,218.19970898248107,4231.197099002578,2291.75,106895.44709900257,785780.0,0.1360373731820644
adverse,RY,2026Q4,6619.400000000001,731.0155445170011,257.4804349354175,4138.714455102473,2291.75,108742.41155410504,793637.8,0.13701768181165896
adverse,RY,2027Q1,6619.400000000001,861.6898261087654,310.70381307621113,4003.5496751990427,2291.75,110454.21122930408,801574.1780000001,0.13779661852992484
adverse,RY,2027Q2,6619.400000000001,980.5949699746855,356.1179394691371,3882.775011558791,2291.75,112045.23624086287,809589.9197800001,0.13839751892082636
adverse,RY,2027Q3,6619.400000000001,1012.5632966980388,371.90679970537707,3847.67347914349,2291.75,113601.15972000636,817685.8189778001,0.1389300842492544
adverse,RY,2027Q4,6619.400000000001,945.4315548673253,350.6687747693137,3912.625257717071,2291.75,115222.03497772342,825862.6771675781,0.13951718386511294
adverse,RY,2028Q1,6619.400000000001,889.9480791749329,332.5235492522974,3966.7423531059862,2291.75,116897.02733082941,834121.3039392539,0.14014391765174555
adverse,RY,2028Q2,6619.400000000001,839.2430519631883,314.8850339136325,4016.974856880537,2291.75,118622.25218770995,842462.5169786464,0.1408041898565757
adverse,RY,2028Q3,6619.400000000001,795.377600770534,298.5934950996184,4061.190244535439,2291.75,120391.69243224539,850887.1421484329,0.1414896129800063
adverse,TD,2026Q3,4817.0,533.3431304048928,529.4493849541057,2759.342501211136,1804.0,94155.34250121114,659934.0,0.1426738772380437
adverse,TD,2026Q4,4817.0,611.6425241257228,629.1154951916333,2628.5378558017433,1804.0,94979.88035701288,666533.34,0.142498318774291
adverse,TD,2027Q1,4817.0,725.1329011446351,763.2165270713392,2446.5581702612585,1804.0,95622.43852727413,673198.6734,0.1420419295307455
adverse,TD,2027Q2,4817.0,826.6630037603663,876.3707587451752,2288.765184558427,1804.0,96107.20371183257,679930.660134,0.1413485364711923
adverse,TD,2027Q3,4817.0,853.0713182219579,915.0572221085674,2240.9205228570636,1804.0,96544.12423468963,686729.96673534,0.14058527938376242
adverse,TD,2027Q4,4817.0,794.6893210345387,861.2464149180888,2323.382234074819,1804.0,97063.50646876445,693597.2664026933,0.13994216985914512
adverse,TD,2028Q1,4817.0,746.7437340706886,815.5713111498351,2392.193441762915,1804.0,97651.69991052736,700533.2390667202,0.13939624055615554
adverse,TD,2028Q2,4817.0,703.0574833926497,771.2286429629262,2456.894697128652,1804.0,98304.594607656,707538.5714573874,0.1389388488109818
adverse,TD,2028Q3,4817.0,665.277807363015,730.2039144806425,2514.8159344449114,1804.0,99015.41054210092,714613.9571719613,0.13855790185507713
stagflation,BMO,2026Q3,2870.8125,454.51541871767773,214.83342512581655,1618.0757872750316,1174.0,59562.07578727503,459304.57,0.1296788224582112
stagflation,BMO,2026Q4,2870.8125,515.6394954389929,256.33014685583606,1542.6495004133005,1174.0,59930.725287688336,463897.6157,0.12918955230510432
stagflation,BMO,2027Q1,2870.8125,648.1220982533911,331.2312304816893,1390.2224908797161,1174.0,60146.94777856805,468536.591857,0.12837193257453247
stagflation,BMO,2027Q2,2870.8125,835.7084212495041,430.7537689891277,1179.1974776746054,1174.0,60152.14525624266,473221.95777557004,0.12711190651210308
stagflation,BMO,2027Q3,2870.8125,1001.1124860744832,522.5627368945804,990.1458986177383,1174.0,59968.291154860395,477954.17735332577,0.12546870389738024
stagflation,BMO,2027Q4,2870.8125,1064.4284965671056,561.7053571921839,914.8388049869221,1174.0,59709.12995984732,482733.71912685904,0.12368957790610889
stagflation,BMO,2028Q1,2870.8125,977.6785789615569,520.1605405927927,1009.1354346275531,1174.0,59544.265394474874,487561.0563181276,0.12212678724615564
stagflation,BMO,2028Q2,2870.8125,899.9654992644789,481.0302075758921,1095.0153429723273,1174.0,59465.2807374472,492436.6668813089,0.12075721557058627
stagflation,BMO,2028Q3,2870.8125,830.7027815636081,444.27361330611825,1172.939537270751,1174.0,59464.220274717954,497361.033550122,0.11955946739588194
stagflation,BNS,2026Q3,3365.4375,441.01653866457684,646.8599975245105,1674.0073084010207,1365.5,64816.50730840102,497794.66000000003,0.13020731742763375
stagflation,BNS,2026Q4,3365.4375,493.37595888650856,750.7913580253912,1559.1335845697536,1365.5,65010.140892970776,502772.60660000006,0.12930326759964486
stagflation,BNS,2027Q1,3365.4375,602.4068217600827,936.6425559692708,1342.3952698689254,1365.5,64987.0361628397,507800.33266600006,0.12797753759169786
stagflation,BNS,2027Q2,3365.4375,754.9159276795326,1183.4571950115967,1048.8923173220198,1365.5,64670.42848016172,512878.3359926601,0.12609311788339453
stagflation,BNS,2027Q3,3365.4375,902.5172283591793,1429.9964211312151,759.1990301245602,1365.5,64064.12751028628,518007.1193525867,0.1236742220654315
stagflation,BNS,2027Q4,3365.4375,969.676822916686,1550.642718004102,621.1616999232208,1365.5,63319.7892102095,523187.19054611254,0.12102702503881091
stagflation,BNS,2028Q1,3365.4375,902.4129395288597,1453.057342606206,742.3259051307267,1365.5,62696.615115340224,528419.0624515737,0.11864941969440397
stagflation,BNS,2028Q2,3365.4375,837.2954150901961,1353.4014311482617,863.4343805147336,1365.5,62194.54949585496,533703.2530760894,0.11653395241154349
stagflation,BNS,2028Q3,3365.4375,778.8866079563873,1259.5016014797109,975.3812285644678,1365.5,61804.43072441943,539040.2856068503,0.11465642248768132
stagflation,CM,2026Q3,2804.25,436.8422104466266,52.39179689596533,1701.5367546031948,961.5,50221.03675460319,372956.64,0.13465650257521408
stagflation,CM,2026Q4,2804.25,486.44712371747767,61.18729548302469,1658.6124518876309,961.5,50918.14920649082,376686.2064,0.13517391489621272
stagflation,CM,2027Q1,2804.25,597.2009438296134,77.06093563403341,1565.5412685942194,961.5,51522.190475085044,380453.068464,0.13542324861012464
stagflation,CM,2027Q2,2804.25,754.8045173441145,98.2354443513907,1434.1393781538036,961.5,51994.82985323885,384257.59914864,0.13531243095371032
stagflation,CM,2027Q3,2804.25,907.1152446615032,119.3910946747856,1306.6415905878277,961.5,52339.97144382668,388100.17514012643,0.13486201449130744
stagflation,CM,2027Q4,2804.25,975.7017796005696,129.65219433473368,1248.688579157552,961.5,52627.16002298424,391981.1768915277,0.13425940612844187
stagflation,CM,2028Q1,2804.25,903.977844370493,120.97964964464302,1307.779991898875,961.5,52973.44001488311,395900.988660443,0.1338047681924772
stagflation,CM,2028Q2,2804.25,835.2193719604313,112.22539617666875,1364.7518454192314,961.5,53376.691860302344,399859.99854704743,0.13348845109351956
stagflation,CM,2028Q3,2804.25,773.618081563424,103.99885852109652,1416.0752990378776,961.5,53831.26715934022,403858.5985325179,0.13329236360187544
stagflation,NBC,2026Q3,1368.9375,215.14916499548423,81.77105337098475,787.9327020006453,483.25,27163.682702000646,200733.46,0.13532214660177055
stagflation,NBC,2026Q4,1368.9375,260.54886488090466,102.99328513110324,738.9655822411743,483.25,27419.39828424182,202740.7946,0.1352436165515641
stagflation,NBC,2027Q1,1368.9375,349.3770185789067,142.20007352413828,644.859899804262,483.25,27581.00818404608,204768.202546,0.1346938042191886
stagflation,NBC,2027Q2,1368.9375,476.12435029589153,194.7846415636035,513.0509534832712,483.25,27610.80913752935,206815.88457146,0.1335042963200882
stagflation,NBC,2027Q3,1368.9375,591.5587335719076,245.84594572817932,390.67662321443606,483.25,27518.235760743788,208884.0434171746,0.13173929090306577
stagflation,NBC,2027Q4,1368.9375,638.005304619919,268.9188446692211,339.57981277248206,483.25,27374.56557351627,210972.88385134636,0.12975395261129705
stagflation,NBC,2028Q1,1368.9375,576.00522245586,245.4164100819691,402.42416258469564,483.25,27293.739736100964,213082.61268985982,0.12808994310496277
stagflation,NBC,2028Q2,1368.9375,519.833511672904,222.8711839685289,460.28111120354686,483.25,27270.77084730451,215213.43881675843,0.12671499975670183
stagflation,NBC,2028Q3,1368.9375,469.7768193993103,201.62246774932768,512.690586445751,483.25,27300.21143375026,217365.573204926,0.12559583852780773
stagflation,RY,2026Q3,6205.6875,642.0782299013,217.3900756000579,3929.4711079565022,2291.75,106593.7211079565,785780.0,0.13565339039929306
stagflation,RY,2026Q4,6205.6875,725.735929728288,255.62083355992627,3839.883091483162,2291.75,108141.85419943967,793637.8,0.13626096715584823
stagflation,RY,2027Q1,6205.6875,901.4701319057338,325.04759702486325,3659.689781736011,2291.75,109509.79398117568,801574.1780000001,0.1366184153466776
stagflation,RY,2027Q2,6205.6875,1151.5486967907073,418.2023788170802,3407.413271928276,2291.75,110625.45725310396,809589.9197800001,0.13664381750598573
stagflation,RY,2027Q3,6205.6875,1400.6889564003318,514.462403344311,3153.5440630876874,2291.75,111487.25131619164,817685.8189778001,0.13634485119916026
stagflation,RY,2027Q4,6205.6875,1517.803187003641,562.9663841738577,3031.8146776845383,2291.75,112227.31599387618,825862.6771675781,0.13589101323573172
stagflation,RY,2028Q1,6205.6875,1401.946435081292,523.8285416459694,3145.7357046054626,2291.75,113081.30169848165,834121.3039392539,0.13556937242154046
stagflation,RY,2028Q2,6205.6875,1288.898782599602,483.59642170492157,3258.3963373361753,2291.75,114047.94803581783,842462.5169786464,0.13537450715888474
stagflation,RY,2028Q3,6205.6875,1187.525825095485,445.81024948754794,3360.678297681471,2291.75,115116.8763334993,850887.1421484329,0.13529041706146472
stagflation,TD,2026Q3,4515.9375,531.2563539807667,527.3778433305142,2541.1179274762085,1804.0,93937.11792747621,659934.0,0.14234320087686983
stagflation,TD,2026Q4,4515.9375,607.0534603425751,624.3953342797873,2414.099198452564,1804.0,94547.21712592877,666533.34,0.14184919410922306
stagflation,TD,2027Q1,4515.9375,760.4040198607413,800.3400677215216,2172.0671581270367,1804.0,94915.28428405582,673198.6734,0.14099149037933298
stagflation,TD,2027Q2,4515.9375,977.2500113959867,1036.0126557920757,1839.466002116774,1804.0,94950.7502861726,679930.660134,0.1396476962334068
stagflation,TD,2027Q3,4515.9375,1190.6134841407156,1277.1258910375627,1505.4256217439654,1804.0,94652.17590791656,686729.96673534,0.1378302687996645
stagflation,TD,2027Q4,4515.9375,1289.317184681289,1397.3005218611497,1344.5500481913073,1804.0,94192.72595610787,693597.2664026933,0.1358031966369095
stagflation,TD,2028Q1,4515.9375,1189.4630888186891,1299.0962316134544,1490.1229619823744,1804.0,93878.84891809024,700533.2390667202,0.13401055607748116
stagflation,TD,2028Q2,4515.9375,1092.7079740599515,1198.661144921447,1635.057760048672,1804.0,93709.90667813891,707538.5714573874,0.13244494428779383
stagflation,TD,2028Q3,4515.9375,1005.9788207612821,1104.1547826706387,1768.2658639775384,1804.0,93674.17254211644,714613.9571719613,0.131083603394518
