scenario,bank,portfolio,regression,vasicek,ratio_vas_to_reg
adverse,BMO,business,67.00481315459412,240.04209614868833,3.582460495708883
adverse,BMO,consumer,194.6598660520178,499.39324459454446,2.5654658801681007
adverse,BMO,mortgage,7.018644746372466,16.993876064443064,2.421247502692913
adverse,BNS,business,78.69017888666205,240.04209614868833,3.0504708407693726
adverse,BNS,consumer,248.01120079008527,499.39324459454446,2.013591495076172
adverse,BNS,mortgage,7.743885192315674,16.993876064443064,2.1944896705475747
adverse,CM,business,49.77899027288731,240.04209614868833,4.8221567941170145
adverse,CM,consumer,348.91873496259325,499.39324459454446,1.4312594726336012
adverse,CM,mortgage,8.279373595530464,16.993876064443064,2.0525557722889856
adverse,NBC,business,63.887109197276345,240.04209614868833,3.7572852984702254
adverse,NBC,consumer,207.50773834229827,499.39324459454446,2.4066246810071297
adverse,NBC,mortgage,5.540461619418621,16.993876064443064,3.06723107780075
adverse,RY,business,82.24010060725983,240.04209614868833,2.9187962365831344
adverse,RY,consumer,373.70037443844217,499.39324459454446,1.3363466529702583
adverse,RY,mortgage,6.6304098864653795,16.993876064443064,2.563020439978013
adverse,TD,business,53.97602936973646,240.04209614868833,4.447198116489767
adverse,TD,consumer,361.57384431956166,499.39324459454446,1.3811652928998288
adverse,TD,mortgage,3.2577164973195214,16.993876064443064,5.216499372620601
base,BMO,business,62.22723471910261,81.18621427713578,1.304673341883423
base,BMO,consumer,232.1924923801552,323.90402452783724,1.3949806094398958
base,BMO,mortgage,6.338297283632738,5.6860433196585145,0.8970931884721586
base,BNS,business,73.91260045117056,81.18621427713578,1.0984083063180876
base,BNS,consumer,285.5438271182227,323.90402452783724,1.1343408393617014
base,BNS,mortgage,7.063537729575946,5.6860433196585145,0.8049851982598346
base,CM,business,45.00141183739581,81.18621427713578,1.8040814934981815
base,CM,consumer,386.45136129073063,323.90402452783724,0.8381495240332755
base,CM,mortgage,7.599026132790736,5.6860433196585145,0.7482594769772584
base,NBC,business,59.109530761784846,81.18621427713578,1.3734877139241954
base,NBC,consumer,245.04036467043568,323.90402452783724,1.3218394649529206
base,NBC,mortgage,4.860114156678892,5.6860433196585145,1.1699402804859242
base,RY,business,77.46252217176833,81.18621427713578,1.0480708864231194
base,RY,consumer,411.23300076657955,323.90402452783724,0.7876411278376192
base,RY,mortgage,5.950062423725652,5.6860433196585145,0.9556275068620506
base,TD,business,49.19845093424495,81.18621427713578,1.6501782624343868
base,TD,consumer,399.10647064769904,323.90402452783724,0.8115729719996326
base,TD,mortgage,2.577369034579793,5.6860433196585145,2.206142482264109
stagflation,BMO,business,105.64850181387267,310.8356553250494,2.9421681328966436
stagflation,BMO,consumer,323.4502436536659,553.3510086909406,1.710776292638817
stagflation,BMO,mortgage,9.04328606077471,37.491556046275406,4.14578901898229
stagflation,BNS,business,117.33386754594062,310.8356553250494,2.6491554555068726
stagflation,BNS,consumer,376.80157839173336,553.3510086909406,1.4685474807530174
stagflation,BNS,mortgage,9.768526506717919,37.491556046275406,3.837995015982407
stagflation,CM,business,88.42267893216587,310.8356553250494,3.5153385882315256
stagflation,CM,consumer,477.70911256424137,553.3510086909406,1.1583430044293472
stagflation,CM,mortgage,10.30401490993271,37.491556046275406,3.6385386059694906
stagflation,NBC,business,102.5307978565549,310.8356553250494,3.0316320737104006
stagflation,NBC,consumer,336.29811594394636,553.3510086909406,1.6454181051171048
stagflation,NBC,mortgage,7.5651029338208655,37.491556046275406,4.955855376225496
stagflation,RY,business,120.88378926653839,310.8356553250494,2.571359296486673
stagflation,RY,consumer,502.49075204009023,553.3510086909406,1.1012163038709866
stagflation,RY,mortgage,8.655051200867623,37.491556046275406,4.33175439129893
stagflation,TD,business,92.61971802901502,310.8356553250494,3.356041909214988
stagflation,TD,consumer,490.3642219212097,553.3510086909406,1.1284489853744906
stagflation,TD,mortgage,5.282357811721765,37.491556046275406,7.0975040659078665
