scenario,bank,cet1_start,cet1_low,low_quarter,drawdown_bp,buffer_vs_osfi_bp,buffer_vs_floor_bp,cum_loss,loss_mortgage,loss_consumer,loss_business,loss_non_canadian
adverse,BMO,0.12999909841959553,0.12614479236875684,2028Q3,38.54306050838696,111.4479236875683,461.44792368756833,5439.775714207914,197.12238521410632,2849.9902882479787,2392.6630407458283,2817.2973341043985
adverse,BNS,0.13088344499316243,0.12319557070482484,2028Q3,76.87874288337588,81.95570704824837,431.9557070482484,5051.906306567885,363.76877928063726,3139.0986706154445,1549.038856671803,7951.701015571298
adverse,CM,0.1339989817583084,0.1350215072291707,2026Q3,-10.225254708622899,200.2150722917069,550.215072291707,5054.844380934292,359.14475609556405,2941.7169008696733,1753.9827239690546,659.9379794869203
adverse,NBC,0.13514234248739598,0.13365469176767972,2028Q3,14.876507197162658,186.54691767679714,536.5469176767972,2998.652842149369,139.17882983683492,699.1604171736843,2160.3135951388495,1242.2237733480426
adverse,RY,0.13490488431876607,0.1360373731820644,2026Q3,-11.324888632983365,210.37373182064402,560.373731820644,7700.333468149707,605.933404283363,3603.213711068184,3491.1863527981595,2811.079549203486
adverse,TD,0.1426385062748699,0.13855790185507713,2028Q3,40.80604419792772,235.57901855077125,585.5790185507713,6459.621223518467,427.52529509360147,3352.605844231529,2679.4900841933363,6891.459671582313
base,BMO,0.12999909841959553,0.131934763615339,2026Q3,-19.3566519574348,169.34763615339008,519.3476361533901,3499.7580443459856,98.70961566350839,2283.4991273792893,1117.5493013031878,1804.5000000000002
base,BNS,0.13088344499316243,0.1326104630100973,2026Q3,-17.27018016934867,176.1046301009729,526.1046301009729,3500.943805822013,187.48258932899273,2559.6809769134516,753.7802395795688,5494.5
base,CM,0.1339989817583084,0.13723377282161314,2026Q3,-32.34791063304737,222.33772821613138,572.3377282161314,3415.7889668304083,188.78708090194652,2463.3206820646224,763.6812038638394,444.2625000000001
base,NBC,0.13514234248739598,0.1377733822464639,2026Q3,-26.310397590679212,227.733822464639,577.733822464639,1625.0658215070503,65.13623242110273,562.7144481365518,997.2151409493958,669.3525
base,RY,0.13490488431876607,0.13832207435518204,2026Q3,-34.17190036415968,233.22074355182033,583.2207435518204,5050.919481054461,298.45156718562464,3033.873746538793,1718.5941673300435,1837.17
base,TD,0.1426385062748699,0.14481237243392323,2026Q3,-21.738661590533226,298.1237243392322,648.1237243392322,4178.090376104294,174.44641918661864,2815.402868213538,1188.2410887041367,4441.5
stagflation,BMO,0.12999909841959553,0.11955946739588194,2028Q3,104.3963102371359,45.59467395881936,395.5946739588194,7227.873276090799,382.0114990830905,3600.4089825026576,3245.4527945050504,3762.8810270140375
stagflation,BNS,0.13088344499316243,0.11465642248768132,2028Q3,162.27022505481108,-3.4357751231868514,346.56422487681317,6682.50426084201,694.9595139417668,3906.6408657472307,2080.9038811530118,10564.350620900266
stagflation,CM,0.1339989817583084,0.13329236360187544,2028Q3,7.066181564329699,182.9236360187543,532.9236360187543,6670.927117494253,679.1975272060668,3575.4381142802326,2416.291476007954,875.1226657163418
stagflation,NBC,0.13514234248739598,0.12559583852780773,2028Q3,95.46503959588254,105.95838527807724,455.9583852780773,4096.3789904710875,278.2834428587686,879.907466720135,2938.188080892184,1706.4239057870557
stagflation,RY,0.13490488431876607,0.13529041706146472,2028Q3,-3.8553274269864657,202.90417061464714,552.9041706146471,10217.69617450638,1183.60279263016,4357.406154448928,4676.687227427294,3746.9248853585354
stagflation,TD,0.1426385062748699,0.131083603394518,2028Q3,115.54902880351908,160.8360339451799,510.8360339451799,8644.044398041997,902.9872632820209,4064.2271080037135,3676.830026756263,9264.464473228152
