date,hpi
1970-01-01,6.6178
1970-04-01,6.6178
1970-07-01,6.6724
1970-10-01,6.8634
1971-01-01,6.918
1971-04-01,6.9998
1971-07-01,6.9726
1971-10-01,7.3273
1972-01-01,7.4865
1972-04-01,7.4865
1972-07-01,7.5957
1972-10-01,7.9504
1973-01-01,8.3598
1973-04-01,8.7964
1973-07-01,9.4514
1973-10-01,10.3474
1974-01-01,11.439
1974-04-01,11.9529
1974-07-01,11.8438
1974-10-01,11.8711
1975-01-01,12.4987
1975-04-01,12.9081
1975-07-01,13.3174
1975-10-01,13.8632
1976-01-01,14.4591
1976-04-01,14.6228
1976-07-01,14.6501
1976-10-01,15.1959
1977-01-01,15.3323
1977-04-01,15.3869
1977-07-01,15.3323
1977-10-01,15.769
1978-01-01,15.7144
1978-04-01,16.1738
1978-07-01,16.1465
1978-10-01,16.9106
1979-01-01,17.4837
1979-04-01,17.8657
1979-07-01,17.7839
1979-10-01,18.5707
1980-01-01,18.8436
1980-04-01,19.6077
1980-07-01,20.4128
1980-10-01,21.7045
1981-01-01,22.5323
1981-04-01,22.7051
1981-07-01,23.2828
1981-10-01,23.6148
1982-01-01,22.6551
1982-04-01,21.7045
1982-07-01,21.2952
1982-10-01,21.7545
1983-01-01,23.2418
1983-04-01,23.2282
1983-07-01,22.9326
1983-10-01,23.0144
1984-01-01,22.9917
1984-04-01,23.1236
1984-07-01,22.696
1984-10-01,22.978
1985-01-01,23.4602
1985-04-01,24.006
1985-07-01,24.1242
1985-10-01,25.1476
1986-01-01,26.6121
1986-04-01,27.9539
1986-07-01,28.4315
1986-10-01,30.3918
1987-01-01,32.9525
1987-04-01,32.5568
1987-07-01,32.5568
1987-10-01,34.3397
1988-01-01,37.519
1988-04-01,38.3195
1988-07-01,38.7015
1988-10-01,41.849
1989-01-01,46.0516
1989-04-01,42.0809
1989-07-01,43.0724
1989-10-01,45.5376
1990-01-01,44.7235
1990-04-01,41.7307
1990-07-01,41.9536
1990-10-01,42.2901
1991-01-01,44.3323
1991-04-01,45.906
1991-07-01,43.3226
1991-10-01,43.8457
1992-01-01,44.5734
1992-04-01,44.9191
1992-07-01,45.0282
1992-10-01,46.0016
1993-01-01,46.3973
1993-04-01,46.3973
1993-07-01,45.3739
1993-10-01,45.9333
1994-01-01,47.9983
1994-04-01,47.598
1994-07-01,46.8475
1994-10-01,47.407
1995-01-01,46.1289
1995-04-01,44.9554
1995-07-01,45.3875
1995-10-01,45.4603
1996-01-01,44.91
1996-04-01,45.8742
1996-07-01,45.242
1996-10-01,45.5012
1997-01-01,46.0379
1997-04-01,47.1978
1997-07-01,46.3745
1997-10-01,46.3154
1998-01-01,45.8833
1998-04-01,46.279
1998-07-01,45.3602
1998-10-01,46.0061
1999-01-01,46.2381
1999-04-01,48.0483
1999-07-01,47.6298
1999-10-01,48.3212
2000-01-01,48.5577
2000-04-01,49.5038
2000-07-01,49.3991
2000-10-01,49.9176
2001-01-01,49.7812
2001-04-01,51.9189
2001-07-01,52.0644
2001-10-01,52.7467
2002-01-01,55.0618
2002-04-01,57.2268
2002-07-01,56.7447
2002-10-01,58.5458
2003-01-01,59.8057
2003-04-01,61.7751
2003-07-01,63.085
2003-10-01,64.9361
2004-01-01,66.0368
2004-04-01,69.0888
2004-07-01,67.465
2004-10-01,70.053
2005-01-01,72.6425
2005-04-01,74.507
2005-07-01,75.7261
2005-10-01,76.73
2006-01-01,79.6701
2006-04-01,83.3991
2006-07-01,85.5504
2006-10-01,86.0523
2007-01-01,88.7773
2007-04-01,92.578
2007-07-01,94.5142
2007-10-01,94.8727
2008-01-01,96.2352
2008-04-01,96.9523
2008-07-01,95.0161
2008-10-01,91.2872
2009-01-01,88.4188
2009-04-01,90.4984
2009-07-01,93.5819
2009-10-01,96.3069
2010-01-01,99.3188
2010-04-01,101.1115
2010-07-01,99.9641
2010-10-01,99.6056
2011-01-01,102.2589
2011-04-01,105.7727
2011-07-01,107.2069
2011-10-01,107.3503
2012-01-01,109.7885
2012-04-01,112.0115
2012-07-01,110.9358
2012-10-01,109.5733
2013-01-01,110.7207
2013-04-01,113.0154
2013-07-01,113.6608
2013-10-01,114.0194
2014-01-01,116.4575
2014-04-01,119.1825
2014-07-01,119.8996
2014-10-01,120.3299
2015-01-01,123.6285
2015-04-01,127.8594
2015-07-01,130.2259
2015-10-01,131.6601
2016-01-01,138.616
2016-04-01,147.4364
2016-07-01,151.8107
2016-10-01,152.8146
2017-01-01,163.0692
2017-04-01,172.2995
2017-07-01,174.5216
2017-10-01,174.0089
2018-01-01,175.2054
2018-04-01,177.4275
2018-07-01,177.7694
2018-10-01,177.0856
2019-01-01,176.231
2019-04-01,177.7694
2019-07-01,178.1112
2019-10-01,179.9915
2020-01-01,183.752
2020-04-01,187.8544
2020-07-01,190.4183
2020-10-01,195.0335
2021-01-01,199.8196
2021-04-01,213.1523
2021-07-01,217.7675
2021-10-01,222.2117
2022-01-01,250.6768
2022-04-01,244.1786
2022-07-01,222.0704
2022-10-01,211.8286
2023-01-01,211.9699
2023-04-01,222.5649
2023-07-01,221.3641
2023-10-01,212.7469
2024-01-01,213.5238
2024-04-01,216.4198
2024-07-01,212.4643
2024-10-01,208.9327
2025-01-01,210.3453
2025-04-01,210.1334
2025-07-01,205.6836
2025-10-01,201.8694
2026-01-01,200.2448
